Team,4 Point Plays,'And one' Plays,Avg. Home Attendance,Avg. Away Attendance,Defensive Goaltending Vio.,Kicked Ball Vio.,Ejections,Won Without Trailing,Lost Without Taking Lead,Season,Season Type,Match Count
Atlanta Hawks,2,100,14288,17052,58,2,2,7,1,1996-1997,REG,82
Boston Celtics,1,128,16196,17064,40,2,1,1,1,1996-1997,REG,82
Charlotte Hornets,2,139,24042,16617,49,0,5,2,2,1996-1997,REG,82
Chicago Bulls,2,129,23865,20060,34,0,3,7,0,1996-1997,REG,82
Cleveland Cavaliers,1,98,16895,16455,56,2,5,1,2,1996-1997,REG,82
Dallas Mavericks,1,96,15102,15895,54,2,5,0,1,1996-1997,REG,82
Denver Nuggets,3,114,11254,16678,30,3,2,2,5,1996-1997,REG,82
Detroit Pistons,6,116,20014,17281,51,0,2,1,2,1996-1997,REG,82
Golden State Warriors,2,130,15167,16140,46,2,2,1,3,1996-1997,REG,82
Houston Rockets,2,145,16285,18414,48,5,5,3,1,1996-1997,REG,82
Indiana Pacers,5,123,15530,17331,44,2,3,1,3,1996-1997,REG,82
Los Angeles Clippers,1,118,9772,16398,41,0,2,2,4,1996-1997,REG,82
Los Angeles Lakers,2,108,17004,19015,51,4,5,4,0,1996-1997,REG,82
Miami Heat,2,103,15004,17565,52,1,4,5,1,1996-1997,REG,82
Milwaukee Bucks,1,127,15514,17321,45,3,2,0,2,1996-1997,REG,82
Minnesota Timberwolves,1,122,17018,16300,49,1,1,2,5,1996-1997,REG,82
New Jersey Nets,0,133,16357,17347,40,2,3,1,5,1996-1997,REG,82
New York Knicks,2,131,19763,18434,59,3,3,3,0,1996-1997,REG,82
Orlando Magic,2,118,17722,18304,43,1,2,1,6,1996-1997,REG,82
Philadelphia 76ers,2,111,15280,17625,34,1,1,3,6,1996-1997,REG,82
Phoenix Suns,0,130,19023,16504,48,3,5,2,1,1996-1997,REG,82
Portland Trailblazers,1,138,20800,15997,43,2,6,4,1,1996-1997,REG,82
Sacramento Kings,6,114,17317,15860,54,3,2,2,2,1996-1997,REG,82
San Antonio Spurs,0,87,17235,16558,46,1,2,2,8,1996-1997,REG,82
Seattle SuperSonics,1,118,17072,17359,58,3,6,7,2,1996-1997,REG,82
Toronto Raptors,1,120,18267,16560,43,1,4,1,4,1996-1997,REG,82
Utah Jazz,1,170,19791,16888,50,1,5,6,1,1996-1997,REG,82
Vancouver Grizzlies,1,111,16571,15221,44,1,0,2,6,1996-1997,REG,82
Washington Wizards,0,135,17089,16992,46,2,0,4,2,1996-1997,REG,82
Atlanta Hawks,1,16,16261,23000,5,0,0,0,0,1996-1997,POFF,10
Charlotte Hornets,0,2,24042,19763,1,0,0,0,0,1996-1997,POFF,3
Chicago Bulls,0,16,24467,17586,11,0,3,2,0,1996-1997,POFF,19
Detroit Pistons,0,9,20757,16184,4,0,0,0,0,1996-1997,POFF,5
Houston Rockets,0,29,16285,18565,10,2,0,0,1,1996-1997,POFF,16
Los Angeles Clippers,0,3,11747,19911,2,0,0,0,1,1996-1997,POFF,3
Los Angeles Lakers,0,21,17505,20562,5,0,2,0,1,1996-1997,POFF,9
Miami Heat,0,11,14937,20841,12,0,1,1,1,1996-1997,POFF,17
Minnesota Timberwolves,0,5,19006,16285,2,0,1,0,0,1996-1997,POFF,3
New York Knicks,0,12,19763,16687,7,0,3,0,0,1996-1997,POFF,10
Orlando Magic,1,9,16902,15200,3,0,0,0,1,1996-1997,POFF,5
Phoenix Suns,0,8,19023,17072,3,0,1,0,1,1996-1997,POFF,5
Portland Trailblazers,0,9,21538,17505,2,0,0,1,0,1996-1997,POFF,4
Seattle SuperSonics,0,15,17072,17198,6,0,1,2,0,1996-1997,POFF,12
Utah Jazz,0,20,19911,18805,13,0,0,1,1,1996-1997,POFF,20
Washington Wizards,0,10,18756,24195,1,0,0,0,0,1996-1997,POFF,3
Atlanta Hawks,0,123,17450,17047,42,3,1,7,2,1997-1998,REG,82
Boston Celtics,0,103,18132,17914,55,1,4,1,3,1997-1998,REG,82
Charlotte Hornets,0,111,23406,17009,34,2,3,1,5,1997-1998,REG,82
Chicago Bulls,0,137,23986,21970,32,2,2,6,0,1997-1998,REG,82
Cleveland Cavaliers,1,105,16942,16892,57,0,3,2,3,1997-1998,REG,82
Dallas Mavericks,0,100,13208,15792,40,2,1,0,3,1997-1998,REG,82
Denver Nuggets,1,129,11800,15724,54,2,6,0,4,1997-1998,REG,82
Detroit Pistons,1,126,19380,17557,40,0,4,3,2,1997-1998,REG,82
Golden State Warriors,1,106,12201,16063,33,2,3,1,5,1997-1998,REG,82
Houston Rockets,4,140,16285,17999,31,0,8,0,5,1997-1998,REG,82
Indiana Pacers,2,107,15763,17998,33,0,3,6,0,1997-1998,REG,82
Los Angeles Clippers,1,123,9968,15851,26,1,7,0,7,1997-1998,REG,82
Los Angeles Lakers,1,147,16878,18827,43,3,2,6,0,1997-1998,REG,82
Miami Heat,0,123,14997,17574,43,0,6,6,2,1997-1998,REG,82
Milwaukee Bucks,0,112,15562,16440,48,1,2,0,3,1997-1998,REG,82
Minnesota Timberwolves,0,126,18014,16640,45,4,3,3,2,1997-1998,REG,82
New Jersey Nets,1,128,17525,16827,43,3,2,2,2,1997-1998,REG,82
New York Knicks,1,105,19763,18397,52,0,7,1,1,1997-1998,REG,82
Orlando Magic,0,122,17113,17143,35,3,0,4,1,1997-1998,REG,82
Philadelphia 76ers,0,117,15986,17403,48,1,5,0,2,1997-1998,REG,82
Phoenix Suns,2,133,19023,16540,40,1,6,3,1,1997-1998,REG,82
Portland Trailblazers,2,125,20577,16689,33,1,6,1,1,1997-1998,REG,82
Sacramento Kings,0,107,14767,16107,35,1,2,2,3,1997-1998,REG,82
San Antonio Spurs,0,112,19109,16834,46,1,3,5,1,1997-1998,REG,82
Seattle SuperSonics,0,111,17072,17021,47,2,2,6,0,1997-1998,REG,82
Toronto Raptors,0,123,16469,16571,43,3,1,0,4,1997-1998,REG,82
Utah Jazz,1,135,19900,17852,48,1,4,4,1,1997-1998,REG,82
Vancouver Grizzlies,0,140,16109,15505,41,2,5,0,7,1997-1998,REG,82
Washington Wizards,1,98,19542,16742,41,1,4,1,1,1997-1998,REG,82
Atlanta Hawks,0,1,20910,19783,3,0,0,0,0,1997-1998,POFF,4
Charlotte Hornets,0,7,21791,22670,2,0,1,0,0,1997-1998,POFF,9
Chicago Bulls,0,30,23844,19658,13,0,0,0,0,1997-1998,POFF,21
Cleveland Cavaliers,0,6,17842,16631,3,0,0,0,0,1997-1998,POFF,4
Houston Rockets,0,7,16285,19911,4,0,1,0,1,1997-1998,POFF,5
Indiana Pacers,0,19,16641,21323,6,0,0,0,0,1997-1998,POFF,16
Los Angeles Lakers,0,28,17505,19173,6,0,0,0,1,1997-1998,POFF,13
Miami Heat,0,3,15200,19763,2,0,1,1,0,1997-1998,POFF,5
Minnesota Timberwolves,0,10,19006,17072,1,0,0,0,1,1997-1998,POFF,5
New Jersey Nets,0,3,19889,23844,1,0,0,0,0,1997-1998,POFF,3
New York Knicks,0,16,19763,15960,6,0,1,0,1,1997-1998,POFF,10
Phoenix Suns,0,4,19023,24007,3,0,0,0,0,1997-1998,POFF,4
Portland Trailblazers,0,7,21587,17505,2,0,0,0,0,1997-1998,POFF,4
San Antonio Spurs,0,13,25672,19556,6,1,0,1,0,1997-1998,POFF,9
Seattle SuperSonics,1,12,17072,18256,2,0,0,1,0,1997-1998,POFF,10
Utah Jazz,1,28,19911,21532,5,0,0,2,1,1997-1998,POFF,20
Portland Trailblazers,1,73,19462,16407,23,0,3,4,0,1998-1999,REG,50
Phoenix Suns,0,59,18891,15718,16,2,4,1,1,1998-1999,REG,50
Philadelphia 76ers,4,50,17458,18336,22,1,3,2,2,1998-1999,REG,50
Orlando Magic,2,66,16444,17415,23,1,1,4,0,1998-1999,REG,50
Seattle SuperSonics,0,62,17072,16629,31,0,3,6,1,1998-1999,REG,50
New York Knicks,1,74,19763,18249,33,0,3,4,1,1998-1999,REG,50
Charlotte Hornets,0,58,19232,15568,22,1,1,2,3,1998-1999,REG,50
New Jersey Nets,0,57,16614,16640,17,1,5,0,1,1998-1999,REG,50
Minnesota Timberwolves,0,62,17119,16218,21,1,1,3,4,1998-1999,REG,50
Milwaukee Bucks,0,53,15278,16046,26,0,3,1,1,1998-1999,REG,50
Miami Heat,0,59,15153,17414,28,0,3,2,0,1998-1999,REG,50
Vancouver Grizzlies,0,84,16719,15777,22,2,3,0,3,1998-1999,REG,50
Los Angeles Lakers,0,107,17200,19449,28,2,5,0,3,1998-1999,REG,50
Los Angeles Clippers,0,80,10263,16222,18,1,2,0,2,1998-1999,REG,50
Indiana Pacers,5,70,16181,17906,18,0,6,3,0,1998-1999,REG,50
Houston Rockets,0,61,16285,17559,18,1,3,2,2,1998-1999,REG,50
Golden State Warriors,1,50,13433,15535,21,1,1,1,2,1998-1999,REG,50
Detroit Pistons,1,66,17783,17477,20,0,5,3,1,1998-1999,REG,50
Denver Nuggets,2,76,11879,16752,18,0,7,2,5,1998-1999,REG,50
Dallas Mavericks,0,66,14513,16313,22,0,4,0,2,1998-1999,REG,50
Cleveland Cavaliers,0,62,14120,17927,22,0,1,3,1,1998-1999,REG,50
Chicago Bulls,0,53,22400,15370,20,0,4,1,8,1998-1999,REG,50
Boston Celtics,0,58,17624,16617,26,1,0,3,2,1998-1999,REG,50
Atlanta Hawks,1,58,13273,16023,20,0,2,1,2,1998-1999,REG,50
Sacramento Kings,1,78,16750,16193,24,0,0,0,3,1998-1999,REG,50
San Antonio Spurs,1,79,21094,16260,23,0,4,3,0,1998-1999,REG,50
Toronto Raptors,0,61,17568,15799,20,1,3,1,3,1998-1999,REG,50
Utah Jazz,0,79,19725,17902,29,0,7,4,2,1998-1999,REG,50
Washington Wizards,0,74,16099,15675,19,1,2,1,2,1998-1999,REG,50
Portland Trailblazers,0,19,20609,24577,7,0,1,1,1,1998-1999,POFF,13
Phoenix Suns,0,6,17306,20314,2,0,0,0,1,1998-1999,POFF,3
Philadelphia 76ers,0,10,20800,16283,5,0,0,1,0,1998-1999,POFF,8
Orlando Magic,0,5,15806,20712,2,0,0,0,1,1998-1999,POFF,4
New York Knicks,1,24,19763,21506,9,0,0,0,0,1998-1999,POFF,20
Minnesota Timberwolves,0,4,16671,22425,2,0,1,0,0,1998-1999,POFF,4
Milwaukee Bucks,0,7,18717,16584,1,0,0,0,0,1998-1999,POFF,3
Miami Heat,1,5,15074,19763,4,0,2,0,0,1998-1999,POFF,5
Los Angeles Lakers,0,10,17505,22790,6,0,0,1,0,1998-1999,POFF,8
Indiana Pacers,0,20,16627,19963,6,0,0,0,0,1998-1999,POFF,13
Houston Rockets,0,4,16285,17505,0,0,0,0,1,1998-1999,POFF,4
Detroit Pistons,0,5,15514,15240,5,0,0,0,0,1998-1999,POFF,5
Atlanta Hawks,0,10,17358,17639,3,0,0,0,0,1998-1999,POFF,9
Sacramento Kings,0,6,17317,19911,5,0,0,0,1,1998-1999,POFF,5
San Antonio Spurs,0,33,31617,18790,13,0,0,0,0,1998-1999,POFF,17
Utah Jazz,0,14,19911,19360,7,0,1,2,0,1998-1999,POFF,11
Atlanta Hawks,0,105,14657,16292,33,1,4,1,2,1999-2000,REG,82
Boston Celtics,0,121,16673,16815,45,0,6,3,3,1999-2000,REG,82
Chicago Bulls,0,110,22124,16282,24,1,2,1,10,1999-2000,REG,82
Cleveland Cavaliers,0,111,14724,16642,33,1,8,1,1,1999-2000,REG,82
Dallas Mavericks,2,114,14785,15843,49,0,9,3,3,1999-2000,REG,82
Denver Nuggets,1,118,15554,16228,26,0,11,2,4,1999-2000,REG,82
Detroit Pistons,1,146,16548,17016,40,0,7,1,2,1999-2000,REG,82
Golden State Warriors,0,101,12419,15821,28,0,8,1,8,1999-2000,REG,82
Houston Rockets,2,125,15234,16795,22,0,7,1,2,1999-2000,REG,82
Indiana Pacers,6,116,18345,17119,25,1,5,5,3,1999-2000,REG,82
Los Angeles Clippers,1,99,13652,15899,34,0,4,0,2,1999-2000,REG,82
Los Angeles Lakers,0,140,18815,19461,41,1,4,2,0,1999-2000,REG,82
Vancouver Grizzlies,0,98,13899,16039,40,0,7,1,3,1999-2000,REG,82
Miami Heat,0,91,17252,16928,44,1,3,2,0,1999-2000,REG,82
Milwaukee Bucks,0,134,15332,16495,44,2,4,2,4,1999-2000,REG,82
Minnesota Timberwolves,0,94,16830,17149,32,0,5,2,0,1999-2000,REG,82
New Jersey Nets,3,129,15698,16341,20,0,2,4,1,1999-2000,REG,82
Charlotte Hornets,0,138,17874,16354,25,1,4,2,2,1999-2000,REG,82
New York Knicks,0,116,19763,18558,33,0,2,3,1,1999-2000,REG,82
Seattle SuperSonics,1,112,15018,16367,38,0,7,1,1,1999-2000,REG,82
Orlando Magic,2,124,14059,16224,47,1,2,4,0,1999-2000,REG,82
Philadelphia 76ers,1,114,18462,17332,37,1,3,2,4,1999-2000,REG,82
Phoenix Suns,0,116,18856,17107,38,0,7,5,0,1999-2000,REG,82
Portland Trailblazers,2,115,20368,17832,27,0,10,5,0,1999-2000,REG,82
Sacramento Kings,1,146,17562,18495,24,3,5,2,1,1999-2000,REG,82
San Antonio Spurs,0,125,21694,16806,30,0,3,2,2,1999-2000,REG,82
Toronto Raptors,0,96,18451,17744,39,0,5,5,4,1999-2000,REG,82
Utah Jazz,0,115,19543,17078,36,3,11,3,1,1999-2000,REG,82
Washington Wizards,0,123,15039,16167,23,0,4,2,4,1999-2000,REG,82
Detroit Pistons,0,2,14507,16500,3,0,0,0,0,1999-2000,POFF,3
Indiana Pacers,1,20,18345,19594,9,0,2,3,1,1999-2000,POFF,23
Los Angeles Lakers,1,40,18997,18840,11,1,1,1,0,1999-2000,POFF,23
Miami Heat,0,7,18869,18449,7,0,0,0,0,1999-2000,POFF,10
Milwaukee Bucks,0,4,18395,18345,1,0,1,0,0,1999-2000,POFF,5
Minnesota Timberwolves,0,2,19006,19980,3,0,0,0,0,1999-2000,POFF,4
Charlotte Hornets,0,3,13355,20781,2,0,0,0,0,1999-2000,POFF,4
New York Knicks,0,15,19763,19406,7,2,0,0,1,1999-2000,POFF,16
Seattle SuperSonics,0,4,16672,19911,4,0,1,1,0,1999-2000,POFF,5
Philadelphia 76ers,1,16,20806,16349,3,0,2,1,2,1999-2000,POFF,10
Phoenix Suns,0,12,19023,19905,3,0,0,0,0,1999-2000,POFF,9
Portland Trailblazers,0,26,20217,19192,8,0,1,0,0,1999-2000,POFF,16
Sacramento Kings,0,7,17317,18997,2,0,0,0,1,1999-2000,POFF,5
San Antonio Spurs,0,7,21267,19023,0,0,0,0,0,1999-2000,POFF,4
Toronto Raptors,0,1,19996,19763,1,0,0,0,0,1999-2000,POFF,3
Utah Jazz,1,10,19854,18840,6,0,2,0,1,1999-2000,POFF,10
Atlanta Hawks,0,108,13799,16404,46,2,2,0,3,2000-2001,REG,82
Boston Celtics,2,118,15346,16568,48,0,3,5,3,2000-2001,REG,82
Chicago Bulls,0,104,21674,16448,42,1,7,0,3,2000-2001,REG,82
Cleveland Cavaliers,1,122,15873,16064,45,0,10,1,1,2000-2001,REG,82
Dallas Mavericks,3,117,16662,15848,54,1,8,1,2,2000-2001,REG,82
Denver Nuggets,1,114,14995,16363,32,1,9,4,1,2000-2001,REG,82
Detroit Pistons,1,106,14813,16397,47,0,4,5,6,2000-2001,REG,82
Golden State Warriors,0,101,14439,16059,38,1,3,0,5,2000-2001,REG,82
Houston Rockets,1,122,12648,16714,38,2,2,4,3,2000-2001,REG,82
Indiana Pacers,2,99,17849,16508,40,4,10,0,2,2000-2001,REG,82
Los Angeles Clippers,0,97,14673,15824,45,1,7,1,3,2000-2001,REG,82
Los Angeles Lakers,1,135,18935,19631,40,3,6,4,0,2000-2001,REG,82
Vancouver Grizzlies,0,104,13737,15822,43,0,3,0,9,2000-2001,REG,82
Miami Heat,0,97,16541,17098,44,0,3,4,2,2000-2001,REG,82
Milwaukee Bucks,2,100,16722,16353,55,1,8,5,3,2000-2001,REG,82
Minnesota Timberwolves,0,120,17497,16788,42,1,2,5,4,2000-2001,REG,82
New Jersey Nets,0,140,13575,16085,35,1,2,2,5,2000-2001,REG,82
Charlotte Hornets,0,89,15010,16500,47,1,3,1,0,2000-2001,REG,82
New York Knicks,0,92,19763,17791,47,2,7,3,1,2000-2001,REG,82
Seattle SuperSonics,0,132,15714,16568,46,0,4,2,5,2000-2001,REG,82
Orlando Magic,3,123,14775,16810,52,1,6,0,4,2000-2001,REG,82
Philadelphia 76ers,2,114,19651,18583,55,2,2,3,4,2000-2001,REG,82
Phoenix Suns,1,119,17979,17158,47,1,6,2,2,2000-2001,REG,82
Portland Trailblazers,2,112,20277,17002,37,2,21,9,3,2000-2001,REG,82
Sacramento Kings,0,120,17317,18438,36,0,3,6,1,2000-2001,REG,82
San Antonio Spurs,0,97,22273,16690,35,0,4,10,1,2000-2001,REG,82
Toronto Raptors,0,117,19348,17611,31,1,6,2,2,2000-2001,REG,82
Utah Jazz,0,118,19322,16990,46,1,8,3,1,2000-2001,REG,82
Washington Wizards,1,121,15577,15872,37,2,3,0,3,2000-2001,REG,82
Dallas Mavericks,1,18,18228,24211,10,0,3,0,0,2000-2001,POFF,10
Indiana Pacers,0,6,18345,20676,1,0,0,0,0,2000-2001,POFF,4
Los Angeles Lakers,0,23,18997,23693,7,0,1,1,0,2000-2001,POFF,16
Miami Heat,0,3,18293,22283,2,0,0,0,0,2000-2001,POFF,3
Milwaukee Bucks,2,16,18717,19796,5,1,1,0,0,2000-2001,POFF,18
Minnesota Timberwolves,0,6,17006,32871,2,0,0,0,0,2000-2001,POFF,4
Charlotte Hornets,0,16,20485,18576,1,0,1,0,0,2000-2001,POFF,10
New York Knicks,0,5,19763,20250,2,0,0,0,0,2000-2001,POFF,5
Orlando Magic,0,6,17248,18717,0,0,0,0,0,2000-2001,POFF,4
Philadelphia 76ers,1,37,20892,19212,14,0,0,1,0,2000-2001,POFF,23
Phoenix Suns,0,6,18930,17317,2,0,0,0,0,2000-2001,POFF,4
Portland Trailblazers,0,5,20580,18997,1,0,2,0,0,2000-2001,POFF,3
Sacramento Kings,0,15,17317,18963,3,0,1,0,0,2000-2001,POFF,8
San Antonio Spurs,0,20,31961,18072,3,0,1,0,1,2000-2001,POFF,13
Toronto Raptors,0,14,20357,20405,5,0,0,0,1,2000-2001,POFF,12
Utah Jazz,0,3,19641,18244,3,0,4,0,0,2000-2001,POFF,5
Atlanta Hawks,2,104,12344,16316,17,9,2,2,7,2001-2002,REG,82
Boston Celtics,1,116,16091,17576,16,11,4,4,4,2001-2002,REG,82
Chicago Bulls,0,120,18934,16001,34,16,5,0,6,2001-2002,REG,82
Cleveland Cavaliers,2,114,14539,15809,23,13,4,2,4,2001-2002,REG,82
Dallas Mavericks,2,118,19580,17049,21,21,5,2,0,2001-2002,REG,82
Denver Nuggets,1,123,15460,16397,17,16,5,0,7,2001-2002,REG,82
Detroit Pistons,1,107,18556,16417,27,8,4,2,5,2001-2002,REG,82
Golden State Warriors,1,136,14468,16203,28,21,5,0,5,2001-2002,REG,82
Houston Rockets,0,115,11737,16552,31,17,6,0,6,2001-2002,REG,82
Indiana Pacers,1,122,16745,16651,25,18,8,3,0,2001-2002,REG,82
Los Angeles Clippers,0,127,18053,16569,18,7,3,1,3,2001-2002,REG,82
Los Angeles Lakers,3,135,18995,20103,29,19,7,4,1,2001-2002,REG,82
Memphis Grizzlies,1,112,14415,15842,18,25,3,1,3,2001-2002,REG,82
Miami Heat,0,90,15989,16702,20,4,4,3,4,2001-2002,REG,82
Milwaukee Bucks,3,107,18178,17043,49,20,4,2,2,2001-2002,REG,82
Minnesota Timberwolves,1,107,17846,16962,23,12,7,4,0,2001-2002,REG,82
New Jersey Nets,0,121,13761,16403,25,26,3,4,3,2001-2002,REG,82
Charlotte Hornets,0,120,11286,16458,21,11,7,4,0,2001-2002,REG,82
New York Knicks,2,110,19763,17083,19,10,6,0,4,2001-2002,REG,82
Seattle SuperSonics,0,109,15452,16013,22,26,3,5,2,2001-2002,REG,82
Orlando Magic,0,117,15149,17346,19,12,3,4,3,2001-2002,REG,82
Philadelphia 76ers,0,115,20560,18720,46,12,9,6,2,2001-2002,REG,82
Phoenix Suns,0,116,16316,16766,24,15,1,1,1,2001-2002,REG,82
Portland Trailblazers,1,130,19459,16484,28,23,9,4,3,2001-2002,REG,82
Sacramento Kings,0,126,17317,17701,19,22,5,10,1,2001-2002,REG,82
San Antonio Spurs,0,121,22107,17248,11,20,4,9,1,2001-2002,REG,82
Toronto Raptors,2,92,19760,17200,17,24,4,3,4,2001-2002,REG,82
Utah Jazz,0,123,18686,16668,19,17,4,3,1,2001-2002,REG,82
Washington Wizards,0,111,20674,19939,7,16,2,1,2,2001-2002,REG,82
Boston Celtics,0,19,18624,20718,2,3,0,1,1,2001-2002,POFF,16
Dallas Mavericks,0,12,20158,17687,3,6,0,1,0,2001-2002,POFF,8
Detroit Pistons,0,12,21772,19375,2,2,0,0,1,2001-2002,POFF,10
Indiana Pacers,0,5,18345,19551,0,2,0,0,0,2001-2002,POFF,5
Los Angeles Lakers,1,29,18997,21802,6,4,0,2,0,2001-2002,POFF,19
Minnesota Timberwolves,0,3,18795,20047,0,0,0,0,1,2001-2002,POFF,3
New Jersey Nets,0,29,19644,17309,5,8,0,1,1,2001-2002,POFF,20
Charlotte Hornets,0,9,11264,18435,4,4,1,0,0,2001-2002,POFF,9
Seattle SuperSonics,0,6,17072,23354,1,0,0,0,0,2001-2002,POFF,5
Orlando Magic,1,4,16504,9914,2,0,0,0,0,2001-2002,POFF,4
Philadelphia 76ers,0,4,20797,18624,0,0,0,0,0,2001-2002,POFF,5
Portland Trailblazers,0,7,20580,18997,1,0,1,0,0,2001-2002,POFF,3
Sacramento Kings,0,20,17317,19622,3,2,0,0,1,2001-2002,POFF,16
San Antonio Spurs,0,17,27585,18227,0,3,1,0,0,2001-2002,POFF,10
Toronto Raptors,0,4,20125,22076,4,0,0,0,0,2001-2002,POFF,5
Utah Jazz,0,2,19911,17317,0,0,0,0,0,2001-2002,POFF,4
Atlanta Hawks,0,106,12894,16295,45,12,4,1,3,2002-2003,REG,82
Boston Celtics,1,124,17294,17264,12,20,8,3,2,2002-2003,REG,82
Chicago Bulls,1,133,19617,16269,37,21,4,0,3,2002-2003,REG,82
Cleveland Cavaliers,0,103,11497,16088,16,35,4,1,3,2002-2003,REG,82
Dallas Mavericks,5,123,19913,17618,9,27,10,6,1,2002-2003,REG,82
Denver Nuggets,0,111,14825,16300,27,22,3,1,9,2002-2003,REG,82
Detroit Pistons,1,111,20470,16054,20,9,2,3,3,2002-2003,REG,82
Golden State Warriors,2,123,15486,16297,45,9,5,3,2,2002-2003,REG,82
Houston Rockets,0,131,13785,17919,33,27,1,0,3,2002-2003,REG,82
Indiana Pacers,4,149,16353,16856,17,15,10,4,1,2002-2003,REG,82
Los Angeles Clippers,2,130,17231,16276,28,12,6,2,5,2002-2003,REG,82
Los Angeles Lakers,1,146,18973,19107,19,21,3,2,1,2002-2003,REG,82
Memphis Grizzlies,3,123,14910,16277,22,20,2,3,3,2002-2003,REG,82
Miami Heat,0,95,15323,15845,15,18,6,0,8,2002-2003,REG,82
Milwaukee Bucks,2,100,16243,16328,11,15,2,1,3,2002-2003,REG,82
Minnesota Timberwolves,0,93,15700,16658,19,10,1,1,0,2002-2003,REG,82
New Jersey Nets,1,131,15185,16957,23,33,7,3,3,2002-2003,REG,82
New Orleans Hornets,0,96,15651,16482,20,7,1,1,0,2002-2003,REG,82
New York Knicks,0,109,19012,17105,5,9,1,1,1,2002-2003,REG,82
Seattle SuperSonics,0,108,15541,16243,15,27,8,4,1,2002-2003,REG,82
Orlando Magic,4,128,14778,17306,33,9,2,4,1,2002-2003,REG,82
Philadelphia 76ers,1,120,19685,18408,22,15,1,1,1,2002-2003,REG,82
Phoenix Suns,2,137,16258,16319,36,20,4,0,2,2002-2003,REG,82
Portland Trailblazers,1,119,19421,16459,14,23,5,2,3,2002-2003,REG,82
Sacramento Kings,0,103,17317,17924,18,31,4,6,0,2002-2003,REG,82
San Antonio Spurs,0,110,17950,16560,7,19,6,5,0,2002-2003,REG,82
Toronto Raptors,1,101,18964,16509,21,25,3,0,2,2002-2003,REG,82
Utah Jazz,0,107,19172,16586,17,19,6,7,1,2002-2003,REG,82
Washington Wizards,0,116,20173,19311,12,10,3,3,3,2002-2003,REG,82
Boston Celtics,1,17,18624,16973,0,0,3,1,0,2002-2003,POFF,10
Dallas Mavericks,1,23,20513,18767,8,3,4,0,0,2002-2003,POFF,20
Detroit Pistons,0,17,21985,19188,2,3,0,1,0,2002-2003,POFF,17
Indiana Pacers,0,4,15862,18624,3,1,2,0,1,2002-2003,POFF,6
Los Angeles Lakers,3,19,18997,18453,3,3,0,2,1,2002-2003,POFF,12
Milwaukee Bucks,1,11,18216,16779,0,0,0,0,2,2002-2003,POFF,6
Minnesota Timberwolves,0,8,18109,18997,0,3,0,1,1,2002-2003,POFF,6
New Jersey Nets,0,30,18530,19244,0,9,0,2,0,2002-2003,POFF,20
New Orleans Hornets,0,7,17378,19781,3,2,0,0,0,2002-2003,POFF,6
Orlando Magic,0,12,17158,21872,0,1,0,0,1,2002-2003,POFF,7
Philadelphia 76ers,0,18,20254,19727,3,2,0,0,0,2002-2003,POFF,12
Phoenix Suns,0,7,18897,19217,0,0,0,0,1,2002-2003,POFF,6
Portland Trailblazers,0,9,20187,20353,2,2,0,0,0,2002-2003,POFF,7
Sacramento Kings,0,16,17317,20332,3,0,3,0,0,2002-2003,POFF,12
San Antonio Spurs,0,27,18902,19466,1,12,3,1,1,2002-2003,POFF,24
Utah Jazz,0,6,19911,17317,2,0,1,0,0,2002-2003,POFF,5
Atlanta Hawks,0,112,13798,16283,33,10,2,2,4,2003-2004,REG,82
Boston Celtics,0,127,16201,16955,11,13,2,0,4,2003-2004,REG,82
Chicago Bulls,0,115,19736,16517,23,17,2,0,3,2003-2004,REG,82
Cleveland Cavaliers,0,141,18288,18755,11,13,1,1,0,2003-2004,REG,82
Dallas Mavericks,1,102,20136,17453,8,21,6,3,3,2003-2004,REG,82
Denver Nuggets,2,117,17597,17185,24,27,1,5,1,2003-2004,REG,82
Detroit Pistons,0,109,21290,17128,20,17,5,4,2,2003-2004,REG,82
Golden State Warriors,1,100,16235,15885,20,13,5,4,3,2003-2004,REG,82
Houston Rockets,0,94,15629,17769,28,30,0,3,2,2003-2004,REG,82
Indiana Pacers,1,110,16545,17711,24,18,5,9,0,2003-2004,REG,82
Los Angeles Clippers,0,159,16229,16258,27,28,8,1,6,2003-2004,REG,82
Los Angeles Lakers,1,122,18970,19380,24,17,6,5,3,2003-2004,REG,82
Memphis Grizzlies,1,111,15188,16695,13,30,8,3,3,2003-2004,REG,82
Miami Heat,0,119,15239,16524,7,16,3,2,4,2003-2004,REG,82
Milwaukee Bucks,1,110,16834,16214,24,8,1,3,3,2003-2004,REG,82
Minnesota Timberwolves,0,97,17636,17862,26,7,4,7,3,2003-2004,REG,82
New Jersey Nets,0,113,14952,17358,17,29,5,6,4,2003-2004,REG,82
New Orleans Hornets,1,95,14332,16680,13,15,5,1,7,2003-2004,REG,82
New York Knicks,0,103,19164,17589,6,21,2,2,5,2003-2004,REG,82
Seattle SuperSonics,0,108,15255,16843,14,27,1,4,2,2003-2004,REG,82
Orlando Magic,6,120,14369,16794,29,16,2,2,3,2003-2004,REG,82
Philadelphia 76ers,0,124,19223,17673,45,19,1,1,2,2003-2004,REG,82
Phoenix Suns,1,112,16351,16462,29,36,1,1,7,2003-2004,REG,82
Portland Trailblazers,0,113,16684,16283,23,30,4,3,5,2003-2004,REG,82
Sacramento Kings,2,132,17317,17813,16,31,3,5,1,2003-2004,REG,82
San Antonio Spurs,4,94,18042,17348,5,35,1,6,1,2003-2004,REG,82
Toronto Raptors,1,85,18308,16481,26,35,2,0,3,2003-2004,REG,82
Utah Jazz,2,105,19154,16537,19,15,7,5,1,2003-2004,REG,82
Washington Wizards,2,112,15741,16008,31,5,5,0,3,2003-2004,REG,82
Boston Celtics,0,6,17035,16976,2,3,0,0,0,2003-2004,POFF,4
Dallas Mavericks,0,4,20629,17317,1,2,0,0,0,2003-2004,POFF,5
Denver Nuggets,0,10,19704,18831,1,0,0,1,1,2003-2004,POFF,5
Detroit Pistons,0,28,22076,18789,6,3,1,1,1,2003-2004,POFF,23
Houston Rockets,0,6,18223,18997,4,3,0,0,0,2003-2004,POFF,5
Indiana Pacers,0,22,18003,20085,3,2,1,0,0,2003-2004,POFF,16
Los Angeles Lakers,0,30,18997,19857,3,13,1,0,1,2003-2004,POFF,22
Memphis Grizzlies,0,1,19351,18797,2,2,0,0,0,2003-2004,POFF,4
Miami Heat,0,9,20158,17099,4,4,1,0,0,2003-2004,POFF,13
Milwaukee Bucks,0,5,18017,22076,0,1,0,0,0,2003-2004,POFF,5
Minnesota Timberwolves,0,25,19402,18544,2,3,1,1,1,2003-2004,POFF,18
New Jersey Nets,1,16,19390,21305,5,5,0,1,0,2003-2004,POFF,11
New Orleans Hornets,0,6,15852,20181,1,0,1,0,0,2003-2004,POFF,7
New York Knicks,0,6,19763,19062,1,0,0,0,0,2003-2004,POFF,4
Sacramento Kings,0,10,17317,19902,1,6,2,0,0,2003-2004,POFF,12
San Antonio Spurs,0,5,18797,19139,0,3,0,0,0,2003-2004,POFF,10
Atlanta Hawks,0,114,14302,16731,29,13,1,1,6,2004-2005,REG,82
Boston Celtics,1,143,16002,17216,14,38,10,1,1,2004-2005,REG,82
Charlotte Bobcats,0,120,14432,16717,23,26,8,0,4,2004-2005,REG,82
Chicago Bulls,2,142,20204,17335,22,13,4,3,2,2004-2005,REG,82
Cleveland Cavaliers,0,144,19128,18276,25,22,4,4,1,2004-2005,REG,82
Dallas Mavericks,2,143,20062,17259,17,22,4,6,1,2004-2005,REG,82
Denver Nuggets,0,134,17657,17507,35,32,8,6,4,2004-2005,REG,82
Detroit Pistons,2,93,22076,17868,27,17,5,6,1,2004-2005,REG,82
Golden State Warriors,4,114,16350,16709,16,19,3,1,2,2004-2005,REG,82
Houston Rockets,2,112,16182,18184,30,21,2,1,4,2004-2005,REG,82
Indiana Pacers,1,108,16994,16895,20,16,8,1,3,2004-2005,REG,82
Los Angeles Clippers,1,151,16980,16735,12,40,3,2,3,2004-2005,REG,82
Los Angeles Lakers,1,138,18793,18810,30,15,5,1,3,2004-2005,REG,82
Memphis Grizzlies,1,113,16862,16622,11,24,3,4,2,2004-2005,REG,82
Miami Heat,2,144,19882,18891,31,17,3,2,0,2004-2005,REG,82
Milwaukee Bucks,1,135,15537,16652,6,20,3,3,1,2004-2005,REG,82
Minnesota Timberwolves,1,119,17181,17874,33,11,4,3,1,2004-2005,REG,82
New Jersey Nets,1,109,15090,16625,12,24,4,6,4,2004-2005,REG,82
New Orleans Hornets,2,116,14221,16691,24,25,1,0,8,2004-2005,REG,82
New York Knicks,5,133,19516,17540,19,26,0,2,2,2004-2005,REG,82
Seattle SuperSonics,3,139,16475,17030,15,25,9,3,4,2004-2005,REG,82
Orlando Magic,1,143,14584,17510,38,28,3,3,2,2004-2005,REG,82
Philadelphia 76ers,2,119,17870,17934,43,27,3,2,1,2004-2005,REG,82
Phoenix Suns,1,131,17709,17571,35,23,5,2,0,2004-2005,REG,82
Portland Trailblazers,0,106,16594,16659,56,24,5,0,5,2004-2005,REG,82
Sacramento Kings,0,131,17317,17703,12,25,3,1,1,2004-2005,REG,82
San Antonio Spurs,3,114,18316,17420,9,25,2,11,0,2004-2005,REG,82
Toronto Raptors,4,138,17156,16678,26,18,3,0,4,2004-2005,REG,82
Utah Jazz,0,122,18756,16924,11,20,5,1,4,2004-2005,REG,82
Washington Wizards,1,144,17197,16862,31,12,5,2,4,2004-2005,REG,82
Boston Celtics,0,10,18624,18345,0,5,4,0,0,2004-2005,POFF,7
Chicago Bulls,0,6,22503,20173,0,0,1,0,1,2004-2005,POFF,6
Dallas Mavericks,0,24,20876,18315,1,2,1,0,1,2004-2005,POFF,13
Denver Nuggets,0,9,19845,18797,5,3,1,0,0,2004-2005,POFF,5
Detroit Pistons,0,38,22076,18763,9,5,0,0,1,2004-2005,POFF,25
Houston Rockets,1,14,18208,20858,0,0,1,0,0,2004-2005,POFF,7
Indiana Pacers,1,19,18345,20103,0,5,0,0,0,2004-2005,POFF,13
Memphis Grizzlies,0,6,17681,18422,1,0,0,0,0,2004-2005,POFF,4
Miami Heat,0,19,20218,20989,7,3,0,1,0,2004-2005,POFF,15
New Jersey Nets,0,6,20174,20244,0,4,0,0,1,2004-2005,POFF,4
Seattle SuperSonics,0,19,17072,18205,2,1,0,1,1,2004-2005,POFF,11
Philadelphia 76ers,0,5,16401,22076,8,1,0,0,0,2004-2005,POFF,5
Phoenix Suns,0,21,18422,19380,11,9,1,1,0,2004-2005,POFF,15
Sacramento Kings,0,8,17317,17072,0,0,0,0,1,2004-2005,POFF,5
San Antonio Spurs,0,34,18797,19309,4,13,0,2,0,2004-2005,POFF,23
Washington Wizards,0,29,20173,21573,1,1,0,1,0,2004-2005,POFF,10
Atlanta Hawks,1,134,15069,17067,38,15,3,1,2,2005-2006,REG,82
Boston Celtics,0,150,16899,17920,14,20,1,1,3,2005-2006,REG,82
Charlotte Bobcats,1,149,16366,17117,23,15,2,1,3,2005-2006,REG,82
Chicago Bulls,1,101,21188,17397,14,12,4,3,1,2005-2006,REG,82
Cleveland Cavaliers,0,181,19327,18798,11,18,2,1,2,2005-2006,REG,82
Dallas Mavericks,4,142,20114,17592,31,18,4,3,1,2005-2006,REG,82
Denver Nuggets,1,173,17135,17638,26,31,3,4,1,2005-2006,REG,82
Detroit Pistons,1,97,22076,18637,23,22,5,4,1,2005-2006,REG,82
Golden State Warriors,0,142,18273,16775,21,18,2,4,4,2005-2006,REG,82
Houston Rockets,1,142,15515,17555,22,9,1,1,7,2005-2006,REG,82
Indiana Pacers,2,116,16180,17624,19,21,2,2,3,2005-2006,REG,82
Los Angeles Clippers,0,137,17376,16944,9,28,1,2,3,2005-2006,REG,82
Los Angeles Lakers,2,138,18883,18813,14,24,4,3,2,2005-2006,REG,82
Memphis Grizzlies,1,118,15793,17211,17,21,1,3,2,2005-2006,REG,82
Miami Heat,0,145,19955,18989,36,14,4,5,1,2005-2006,REG,82
Milwaukee Bucks,2,127,16618,17120,7,20,1,2,4,2005-2006,REG,82
Minnesota Timberwolves,1,122,16150,17421,15,29,5,1,1,2005-2006,REG,82
New Jersey Nets,0,129,16867,17711,20,20,2,6,1,2005-2006,REG,82
New Orleans Hornets,1,142,18169,16660,9,18,3,2,4,2005-2006,REG,82
New York Knicks,2,169,18931,17572,31,12,3,1,8,2005-2006,REG,82
Seattle SuperSonics,1,132,16199,17195,26,27,6,2,2,2005-2006,REG,82
Orlando Magic,0,139,15561,17084,23,14,1,1,2,2005-2006,REG,82
Philadelphia 76ers,2,135,16519,18627,47,21,3,1,3,2005-2006,REG,82
Phoenix Suns,1,101,17809,17695,11,27,2,9,1,2005-2006,REG,82
Portland Trailblazers,0,121,15049,17145,54,17,2,0,8,2005-2006,REG,82
Sacramento Kings,0,153,17317,17102,9,23,4,2,2,2005-2006,REG,82
San Antonio Spurs,0,114,18797,18376,6,30,0,4,0,2005-2006,REG,82
Toronto Raptors,6,149,17057,16596,29,25,3,4,4,2005-2006,REG,82
Utah Jazz,2,110,18332,17048,15,20,1,1,3,2005-2006,REG,82
Washington Wizards,4,154,17197,17292,14,16,0,5,0,2005-2006,REG,82
Chicago Bulls,0,10,22359,20263,1,0,0,0,0,2005-2006,POFF,6
Cleveland Cavaliers,0,23,20562,21260,1,3,0,0,0,2005-2006,POFF,13
Dallas Mavericks,2,47,20721,18642,6,7,0,0,0,2005-2006,POFF,23
Denver Nuggets,0,3,19099,18868,1,2,0,0,0,2005-2006,POFF,5
Detroit Pistons,0,23,22076,19681,4,2,0,0,0,2005-2006,POFF,18
Indiana Pacers,0,8,15898,18676,1,2,0,0,0,2005-2006,POFF,6
Los Angeles Clippers,0,24,19394,18648,5,7,0,0,0,2005-2006,POFF,12
Los Angeles Lakers,0,14,18997,18422,3,3,1,0,0,2005-2006,POFF,7
Memphis Grizzlies,0,3,16488,20476,0,2,0,0,0,2005-2006,POFF,4
Miami Heat,0,34,20222,21303,8,3,2,1,0,2005-2006,POFF,23
Milwaukee Bucks,0,11,17507,22076,0,1,0,0,0,2005-2006,POFF,5
New Jersey Nets,0,17,19121,18064,1,4,0,0,1,2005-2006,POFF,11
Phoenix Suns,0,35,18422,19939,2,4,1,0,0,2005-2006,POFF,20
Sacramento Kings,0,10,17317,18797,1,2,0,0,0,2005-2006,POFF,6
San Antonio Spurs,0,29,18797,19129,0,8,1,0,0,2005-2006,POFF,13
Washington Wizards,1,16,20173,20562,2,1,0,0,0,2005-2006,POFF,6
Atlanta Hawks,1,147,15595,17171,15,24,2,3,3,2006-2007,REG,82
Boston Celtics,1,164,16843,17570,29,20,0,2,3,2006-2007,REG,82
Charlotte Bobcats,7,132,15549,17477,25,17,5,0,5,2006-2007,REG,82
Chicago Bulls,2,126,22253,18153,32,23,3,4,2,2006-2007,REG,82
Cleveland Cavaliers,1,160,20436,18941,12,28,2,3,0,2006-2007,REG,82
Dallas Mavericks,3,150,20351,17822,18,33,3,7,1,2006-2007,REG,82
Denver Nuggets,3,160,17230,18163,18,31,9,2,3,2006-2007,REG,82
Detroit Pistons,1,97,22076,18001,15,32,6,2,2,2006-2007,REG,82
Golden State Warriors,0,140,18104,17012,13,26,5,4,1,2006-2007,REG,82
Houston Rockets,2,103,16545,18187,20,25,3,6,1,2006-2007,REG,82
Indiana Pacers,0,150,15360,17803,28,32,5,1,4,2006-2007,REG,82
Los Angeles Clippers,1,164,18421,17406,14,28,2,1,4,2006-2007,REG,82
Los Angeles Lakers,2,154,18986,18917,14,25,3,0,2,2006-2007,REG,82
Memphis Grizzlies,0,166,14655,17337,33,24,2,0,6,2006-2007,REG,82
Miami Heat,0,129,19721,18945,24,18,4,4,1,2006-2007,REG,82
Milwaukee Bucks,1,144,16186,17351,9,18,3,3,2,2006-2007,REG,82
Minnesota Timberwolves,0,114,15999,17894,25,33,1,2,3,2006-2007,REG,82
New Jersey Nets,2,123,16926,17871,7,23,3,2,6,2006-2007,REG,82
New Orleans Hornets,1,131,17833,16982,17,28,5,2,4,2006-2007,REG,82
New York Knicks,4,170,18796,17984,35,12,9,1,6,2006-2007,REG,82
Orlando Magic,2,156,17095,17471,35,16,2,4,4,2006-2007,REG,82
Philadelphia 76ers,4,134,14844,17850,59,28,0,2,1,2006-2007,REG,82
Phoenix Suns,6,167,18422,18541,28,32,2,3,0,2006-2007,REG,82
Portland Trailblazers,2,116,16360,17558,24,23,1,3,2,2006-2007,REG,82
Sacramento Kings,1,145,17317,17283,12,30,3,3,5,2006-2007,REG,82
San Antonio Spurs,1,135,18654,17464,9,27,3,6,0,2006-2007,REG,82
Seattle SuperSonics,6,139,15955,17436,32,22,1,4,2,2006-2007,REG,82
Toronto Raptors,1,138,18259,17347,21,15,1,5,2,2006-2007,REG,82
Utah Jazz,1,134,19566,17501,16,22,3,2,4,2006-2007,REG,82
Washington Wizards,6,169,18373,17270,16,11,1,1,3,2006-2007,REG,82
Chicago Bulls,1,14,22974,21358,6,1,0,0,1,2006-2007,POFF,10
Cleveland Cavaliers,0,30,20562,20426,1,7,0,0,0,2006-2007,POFF,20
Dallas Mavericks,0,8,20880,20659,2,4,0,0,0,2006-2007,POFF,6
Denver Nuggets,0,6,19798,18797,0,2,0,0,0,2006-2007,POFF,5
Detroit Pistons,0,21,22076,20772,3,6,2,2,0,2006-2007,POFF,16
Golden State Warriors,0,12,20662,20396,2,1,4,0,0,2006-2007,POFF,11
Houston Rockets,0,5,18256,19911,0,5,0,0,0,2006-2007,POFF,7
Los Angeles Lakers,0,12,18997,18422,1,2,0,0,1,2006-2007,POFF,5
Miami Heat,0,7,20282,22640,0,0,0,0,0,2006-2007,POFF,4
New Jersey Nets,0,17,19086,20461,0,1,0,1,0,2006-2007,POFF,12
Orlando Magic,0,8,17451,22076,0,0,0,0,1,2006-2007,POFF,4
Phoenix Suns,1,17,18422,18877,0,4,0,1,0,2006-2007,POFF,11
San Antonio Spurs,1,23,18752,19534,5,10,2,0,0,2006-2007,POFF,20
Toronto Raptors,0,11,20360,18140,3,0,0,0,1,2006-2007,POFF,6
Utah Jazz,0,32,19911,18917,6,6,2,0,0,2006-2007,POFF,17
Washington Wizards,2,10,20173,20562,0,2,0,0,0,2006-2007,POFF,4
Atlanta Hawks,1,154,16281,16854,21,18,2,0,1,2007-2008,REG,82
Boston Celtics,1,131,18624,19042,22,24,3,6,0,2007-2008,REG,82
Charlotte Bobcats,4,137,14717,17294,21,12,1,0,3,2007-2008,REG,82
Chicago Bulls,3,117,21988,17354,28,18,4,0,2,2007-2008,REG,82
Cleveland Cavaliers,2,115,20465,17992,19,28,3,1,3,2007-2008,REG,82
Dallas Mavericks,2,145,20286,17716,24,20,2,10,0,2007-2008,REG,82
Denver Nuggets,3,148,17365,18116,27,49,5,4,0,2007-2008,REG,82
Detroit Pistons,0,124,22076,17715,26,20,2,4,0,2007-2008,REG,82
Golden State Warriors,2,134,19631,17256,20,26,1,5,3,2007-2008,REG,82
Houston Rockets,0,103,17525,17528,17,33,3,4,0,2007-2008,REG,82
Indiana Pacers,2,128,12222,17218,14,25,3,3,2,2007-2008,REG,82
Los Angeles Clippers,2,113,16888,16629,35,22,2,0,4,2007-2008,REG,82
Los Angeles Lakers,3,161,18997,18671,21,28,4,10,0,2007-2008,REG,82
Memphis Grizzlies,2,139,12770,16985,20,10,0,0,10,2007-2008,REG,82
Miami Heat,1,125,19464,17504,35,17,0,0,7,2007-2008,REG,82
Milwaukee Bucks,1,129,15596,16739,13,21,3,0,2,2007-2008,REG,82
Minnesota Timberwolves,0,125,14477,16802,4,37,1,1,4,2007-2008,REG,82
New Jersey Nets,0,107,15657,17610,27,22,0,1,3,2007-2008,REG,82
New Orleans Hornets,4,107,14181,16853,13,27,2,2,2,2007-2008,REG,82
New York Knicks,2,161,19116,17429,16,22,4,0,5,2007-2008,REG,82
Seattle SuperSonics,1,138,13355,17159,26,40,0,2,3,2007-2008,REG,82
Orlando Magic,1,152,17301,17541,60,13,2,2,3,2007-2008,REG,82
Philadelphia 76ers,1,125,14870,17232,47,32,0,2,2,2007-2008,REG,82
Phoenix Suns,0,173,18422,18047,33,25,3,5,0,2007-2008,REG,82
Portland Trailblazers,5,114,19550,16700,38,15,2,3,4,2007-2008,REG,82
Sacramento Kings,3,171,14151,17210,13,30,3,2,5,2007-2008,REG,82
San Antonio Spurs,3,97,18565,17955,7,30,3,2,0,2007-2008,REG,82
Toronto Raptors,1,104,19435,16653,24,27,2,2,2,2007-2008,REG,82
Utah Jazz,2,162,19908,17216,20,32,1,3,2,2007-2008,REG,82
Washington Wizards,2,140,17962,16774,17,6,1,3,5,2007-2008,REG,82
Atlanta Hawks,0,8,20055,18624,3,0,1,0,0,2007-2008,POFF,7
Boston Celtics,1,25,18624,20423,9,5,0,0,1,2007-2008,POFF,26
Cleveland Cavaliers,0,16,20562,19288,1,2,0,0,0,2007-2008,POFF,13
Dallas Mavericks,0,5,20742,17854,1,1,1,0,0,2007-2008,POFF,5
Denver Nuggets,0,7,19433,18997,2,3,1,0,0,2007-2008,POFF,4
Detroit Pistons,0,15,22076,17774,3,2,0,2,0,2007-2008,POFF,17
Houston Rockets,0,7,18213,19911,0,3,0,0,0,2007-2008,POFF,6
Los Angeles Lakers,1,38,18997,19207,3,3,1,1,0,2007-2008,POFF,21
New Orleans Hornets,0,11,18001,19575,0,5,0,0,0,2007-2008,POFF,12
Orlando Magic,0,13,17519,21333,14,1,0,1,0,2007-2008,POFF,10
Philadelphia 76ers,0,4,17094,22076,6,1,0,0,1,2007-2008,POFF,6
Phoenix Suns,0,8,18422,18797,5,1,0,1,0,2007-2008,POFF,5
San Antonio Spurs,2,28,18797,18476,2,5,0,0,1,2007-2008,POFF,17
Toronto Raptors,0,10,20220,17519,0,0,0,0,1,2007-2008,POFF,5
Utah Jazz,0,15,19911,18605,4,1,0,0,1,2007-2008,POFF,12
Washington Wizards,0,9,20173,20562,0,0,1,0,0,2007-2008,POFF,6
Atlanta Hawks,1,130,16748,17303,25,17,3,2,1,2008-2009,REG,82
Boston Celtics,3,145,18624,18975,17,15,5,4,0,2008-2009,REG,82
Charlotte Bobcats,0,113,14574,17311,16,14,2,0,4,2008-2009,REG,82
Chicago Bulls,4,147,21187,17559,34,14,3,1,5,2008-2009,REG,82
Cleveland Cavaliers,5,133,20512,18899,21,23,4,8,0,2008-2009,REG,82
Dallas Mavericks,1,135,20042,17103,19,20,5,5,0,2008-2009,REG,82
Denver Nuggets,0,164,17224,17227,40,39,2,4,2,2008-2009,REG,82
Detroit Pistons,1,130,21877,18025,4,7,4,4,2,2008-2009,REG,82
Golden State Warriors,9,160,18943,16943,24,33,4,2,2,2008-2009,REG,82
Houston Rockets,2,107,17504,17589,14,14,2,3,1,2008-2009,REG,82
Indiana Pacers,3,160,14182,17130,14,30,0,0,0,2008-2009,REG,82
Los Angeles Clippers,0,127,16185,17202,23,23,4,2,7,2008-2009,REG,82
Los Angeles Lakers,2,166,18997,19221,19,30,1,6,0,2008-2009,REG,82
Memphis Grizzlies,0,133,12680,17101,14,32,1,1,2,2008-2009,REG,82
Miami Heat,1,138,18263,18151,16,17,5,3,5,2008-2009,REG,82
Milwaukee Bucks,3,119,15390,16948,17,21,3,3,3,2008-2009,REG,82
Minnesota Timberwolves,0,131,14513,16843,9,20,2,1,2,2008-2009,REG,82
New Jersey Nets,2,144,15148,17587,16,16,1,0,4,2008-2009,REG,82
New Orleans Hornets,0,123,16969,17749,12,18,5,4,3,2008-2009,REG,82
New York Knicks,8,147,19288,17804,7,21,3,2,6,2008-2009,REG,82
Oklahoma City Thunder,0,137,18704,16680,11,27,1,0,7,2008-2009,REG,82
Orlando Magic,5,131,17043,17913,52,16,3,8,1,2008-2009,REG,82
Philadelphia 76ers,0,129,15802,17337,39,28,1,2,1,2008-2009,REG,82
Phoenix Suns,0,173,18422,18122,21,31,6,4,5,2008-2009,REG,82
Portland Trailblazers,2,106,20524,16995,34,26,0,6,1,2008-2009,REG,82
Sacramento Kings,3,116,12687,17228,15,25,2,2,3,2008-2009,REG,82
San Antonio Spurs,1,106,18269,17663,3,28,0,0,0,2008-2009,REG,82
Toronto Raptors,3,141,18773,16785,16,25,2,3,5,2008-2009,REG,82
Utah Jazz,2,160,19903,17045,17,32,1,1,4,2008-2009,REG,82
Washington Wizards,2,159,16613,17157,31,10,2,0,5,2008-2009,REG,82
Atlanta Hawks,0,13,19216,19985,1,0,1,1,1,2008-2009,POFF,11
Boston Celtics,1,21,18624,20325,2,3,0,2,1,2008-2009,POFF,14
Chicago Bulls,0,12,23190,18624,3,0,0,0,1,2008-2009,POFF,7
Cleveland Cavaliers,0,27,20562,19417,4,5,0,1,0,2008-2009,POFF,14
Dallas Mavericks,0,16,20616,19312,1,2,0,2,0,2008-2009,POFF,10
Denver Nuggets,1,26,19824,18980,5,6,0,0,0,2008-2009,POFF,16
Detroit Pistons,0,5,22076,20562,0,2,0,0,1,2008-2009,POFF,4
Houston Rockets,0,14,18388,19598,2,4,1,3,1,2008-2009,POFF,13
Los Angeles Lakers,1,41,18997,18868,3,12,2,1,2,2008-2009,POFF,23
Miami Heat,2,5,19600,18978,0,2,1,1,1,2008-2009,POFF,7
New Orleans Hornets,0,8,17363,19634,1,1,0,0,0,2008-2009,POFF,5
Orlando Magic,0,33,17461,18652,16,4,2,1,1,2008-2009,POFF,24
Philadelphia 76ers,1,9,16549,17461,9,0,0,0,0,2008-2009,POFF,6
Portland Trailblazers,0,11,20400,18339,0,2,0,0,1,2008-2009,POFF,6
San Antonio Spurs,0,5,18797,20660,0,2,0,0,2,2008-2009,POFF,5
Utah Jazz,0,4,19911,18997,0,2,1,0,0,2008-2009,POFF,5
Atlanta Hawks,10,140,16546,17097,16,22,2,5,0,2009-2010,REG,82
Boston Celtics,0,120,18624,18154,13,27,5,4,0,2009-2010,REG,82
Charlotte Bobcats,2,142,15818,16711,26,28,4,1,4,2009-2010,REG,82
Chicago Bulls,0,133,20726,17735,21,22,3,3,2,2009-2010,REG,82
Cleveland Cavaliers,0,145,20562,19201,17,29,4,2,0,2009-2010,REG,82
Dallas Mavericks,0,112,19994,17123,14,26,5,4,1,2009-2010,REG,82
Denver Nuggets,0,166,17983,17446,31,38,4,1,2,2009-2010,REG,82
Detroit Pistons,3,121,18752,17105,18,18,3,1,3,2009-2010,REG,82
Golden State Warriors,2,138,18027,16444,24,35,1,1,2,2009-2010,REG,82
Houston Rockets,5,151,16528,16617,16,39,4,1,2,2009-2010,REG,82
Indiana Pacers,2,162,14202,16955,30,35,2,2,7,2009-2010,REG,82
Los Angeles Clippers,1,147,16343,16226,21,31,1,2,4,2009-2010,REG,82
Los Angeles Lakers,4,149,18997,19253,17,24,3,1,1,2009-2010,REG,82
Memphis Grizzlies,0,172,13486,16691,32,30,1,2,1,2009-2010,REG,82
Miami Heat,2,128,17730,18041,20,20,1,5,1,2009-2010,REG,82
Milwaukee Bucks,1,109,15109,16823,9,15,3,2,3,2009-2010,REG,82
Minnesota Timberwolves,1,145,15102,16113,14,22,3,1,3,2009-2010,REG,82
New Jersey Nets,2,136,13103,16446,14,15,1,0,8,2009-2010,REG,82
New Orleans Hornets,1,134,15058,17169,14,17,3,0,1,2009-2010,REG,82
New York Knicks,2,140,19501,17316,11,22,0,2,5,2009-2010,REG,82
Oklahoma City Thunder,1,149,18004,16877,18,28,0,3,0,2009-2010,REG,82
Orlando Magic,4,129,17461,17766,49,12,3,4,0,2009-2010,REG,82
Philadelphia 76ers,0,131,14225,16889,34,29,1,1,3,2009-2010,REG,82
Phoenix Suns,1,167,17648,17376,21,35,4,3,3,2009-2010,REG,82
Portland Trailblazers,2,140,20497,16546,30,11,0,4,3,2009-2010,REG,82
Sacramento Kings,2,134,13254,16974,13,20,3,2,3,2009-2010,REG,82
San Antonio Spurs,3,156,18090,17707,6,43,3,4,1,2009-2010,REG,82
Toronto Raptors,1,146,17897,16467,18,30,0,2,4,2009-2010,REG,82
Utah Jazz,4,165,19378,17096,11,33,4,6,2,2009-2010,REG,82
Washington Wizards,0,121,16205,16488,31,15,1,1,1,2009-2010,REG,82
Atlanta Hawks,0,17,18945,18215,5,4,0,0,1,2009-2010,POFF,11
Boston Celtics,0,44,18624,19090,4,8,2,2,1,2009-2010,POFF,24
Charlotte Bobcats,0,5,19341,17461,1,1,0,0,1,2009-2010,POFF,4
Chicago Bulls,0,4,23025,20562,1,0,0,0,0,2009-2010,POFF,5
Cleveland Cavaliers,0,30,20562,20384,2,4,0,1,0,2009-2010,POFF,11
Dallas Mavericks,0,9,20552,18581,0,0,1,0,1,2009-2010,POFF,6
Denver Nuggets,0,12,19155,19911,1,6,0,0,0,2009-2010,POFF,6
Los Angeles Lakers,0,31,18997,18726,0,3,0,1,0,2009-2010,POFF,23
Miami Heat,0,8,19510,18624,3,0,0,0,0,2009-2010,POFF,5
Milwaukee Bucks,0,9,18717,19053,0,1,0,0,0,2009-2010,POFF,7
Oklahoma City Thunder,1,13,18342,18997,2,3,0,0,1,2009-2010,POFF,6
Orlando Magic,1,15,17461,18859,6,1,0,2,2,2009-2010,POFF,14
Phoenix Suns,4,25,18422,19361,4,7,0,0,0,2009-2010,POFF,16
Portland Trailblazers,0,7,20245,18422,1,1,0,0,0,2009-2010,POFF,6
San Antonio Spurs,1,14,18581,19700,0,2,0,1,0,2009-2010,POFF,10
Utah Jazz,0,22,19911,19092,0,2,0,0,0,2009-2010,POFF,10
Atlanta Hawks,6,102,15649,16958,11,14,2,2,4,2010-2011,REG,82
Boston Celtics,3,122,18624,18965,14,17,3,6,0,2010-2011,REG,82
Charlotte Bobcats,1,145,15846,16473,20,18,5,0,4,2010-2011,REG,82
Chicago Bulls,2,127,21792,18431,16,18,1,4,0,2010-2011,REG,82
Cleveland Cavaliers,2,134,20112,16200,26,20,3,0,8,2010-2011,REG,82
Dallas Mavericks,3,116,20102,16745,6,21,4,1,0,2010-2011,REG,82
Denver Nuggets,2,195,16989,17285,22,38,2,4,2,2010-2011,REG,82
Detroit Pistons,3,122,16660,16732,15,17,4,2,3,2010-2011,REG,82
Golden State Warriors,1,124,18693,17050,17,33,0,0,3,2010-2011,REG,82
Houston Rockets,2,124,16191,16969,12,47,1,3,0,2010-2011,REG,82
Indiana Pacers,5,134,13538,16844,15,32,2,1,4,2010-2011,REG,82
Los Angeles Clippers,0,157,17743,17614,33,32,8,1,3,2010-2011,REG,82
Los Angeles Lakers,3,154,18997,19088,3,14,7,6,0,2010-2011,REG,82
Memphis Grizzlies,0,152,14651,16441,29,41,4,4,4,2010-2011,REG,82
Miami Heat,3,160,19779,19447,20,16,5,4,1,2010-2011,REG,82
Milwaukee Bucks,2,106,15412,16912,11,16,0,5,2,2010-2011,REG,82
Minnesota Timberwolves,1,142,15243,16886,18,29,2,1,3,2010-2011,REG,82
New Jersey Nets,2,138,14180,17099,33,40,0,1,2,2010-2011,REG,82
New Orleans Hornets,1,132,14709,17180,12,27,0,1,1,2010-2011,REG,82
New York Knicks,3,148,19729,18044,26,27,2,2,2,2010-2011,REG,82
Oklahoma City Thunder,8,137,18148,17774,26,23,0,5,1,2010-2011,REG,82
Orlando Magic,4,112,18972,17428,57,12,6,3,1,2010-2011,REG,82
Philadelphia 76ers,2,129,14752,17156,13,36,2,3,1,2010-2011,REG,82
Phoenix Suns,4,115,17567,17462,10,37,4,1,4,2010-2011,REG,82
Portland Trailblazers,1,122,20510,16334,12,25,0,2,1,2010-2011,REG,82
Sacramento Kings,2,149,13890,17401,50,20,3,0,2,2010-2011,REG,82
San Antonio Spurs,3,132,18314,17390,4,25,2,4,0,2010-2011,REG,82
Toronto Raptors,2,154,16592,16856,32,24,2,1,4,2010-2011,REG,82
Utah Jazz,2,170,19512,17331,12,21,1,1,6,2010-2011,REG,82
Washington Wizards,0,130,16792,17193,69,8,3,1,3,2010-2011,REG,82
Atlanta Hawks,2,15,19467,21017,3,1,1,0,1,2010-2011,POFF,12
Boston Celtics,1,14,18624,19972,1,2,1,1,0,2010-2011,POFF,9
Chicago Bulls,0,27,22885,19249,1,5,0,2,0,2010-2011,POFF,16
Dallas Mavericks,0,24,20773,19548,1,6,0,1,0,2010-2011,POFF,21
Denver Nuggets,0,3,19557,18203,1,1,0,0,1,2010-2011,POFF,5
Indiana Pacers,0,7,18165,22763,1,0,1,0,1,2010-2011,POFF,5
Los Angeles Lakers,0,15,18997,19323,1,1,3,0,0,2010-2011,POFF,10
Memphis Grizzlies,0,22,18119,18391,5,5,0,0,0,2010-2011,POFF,13
Miami Heat,1,38,20026,20684,4,5,0,1,0,2010-2011,POFF,21
New Orleans Hornets,0,12,18124,18997,2,0,0,0,0,2010-2011,POFF,6
New York Knicks,0,8,19763,18624,1,2,0,0,1,2010-2011,POFF,4
Oklahoma City Thunder,1,25,18203,19566,4,4,0,1,1,2010-2011,POFF,17
Orlando Magic,0,9,19120,19546,3,1,1,0,0,2010-2011,POFF,6
Philadelphia 76ers,0,3,19726,19900,2,1,0,0,1,2010-2011,POFF,5
Portland Trailblazers,1,4,20356,20666,1,0,0,0,0,2010-2011,POFF,6
San Antonio Spurs,0,4,18641,18119,0,2,0,0,0,2010-2011,POFF,6
Atlanta Hawks,0,97,15200,16820,10,20,1,4,1,2011-2012,REG,66
Boston Celtics,1,67,18624,18289,12,22,3,2,3,2011-2012,REG,66
Charlotte Bobcats,1,87,14757,16534,50,12,2,0,8,2011-2012,REG,66
Chicago Bulls,1,76,22161,17989,7,21,1,6,3,2011-2012,REG,66
Cleveland Cavaliers,0,104,15927,16723,14,23,2,0,4,2011-2012,REG,66
Dallas Mavericks,2,68,20335,17713,17,23,3,4,2,2011-2012,REG,66
Denver Nuggets,1,89,17029,17229,23,14,3,2,2,2011-2012,REG,66
Detroit Pistons,0,104,14413,16343,8,21,0,1,3,2011-2012,REG,66
Golden State Warriors,1,79,18858,16365,14,24,0,1,1,2011-2012,REG,66
Houston Rockets,1,66,15363,17733,24,41,0,2,0,2011-2012,REG,66
Indiana Pacers,3,108,14169,16597,15,29,2,3,2,2011-2012,REG,66
Los Angeles Clippers,3,70,19219,18343,35,22,2,0,0,2011-2012,REG,66
Los Angeles Lakers,1,98,18997,19034,7,16,5,0,0,2011-2012,REG,66
Memphis Grizzlies,0,93,15710,17069,13,27,1,5,0,2011-2012,REG,66
Miami Heat,1,87,19935,19400,11,26,3,4,2,2011-2012,REG,66
Milwaukee Bucks,3,85,14719,16661,8,24,4,0,1,2011-2012,REG,66
Minnesota Timberwolves,2,98,17491,16311,17,25,0,1,2,2011-2012,REG,66
New Jersey Nets,10,83,13961,17081,27,27,3,3,5,2011-2012,REG,66
New Orleans Hornets,0,105,15110,16717,18,24,1,1,3,2011-2012,REG,66
New York Knicks,3,111,19763,18407,19,25,3,2,2,2011-2012,REG,66
Oklahoma City Thunder,0,121,18203,18032,25,24,1,3,0,2011-2012,REG,66
Orlando Magic,2,79,18898,17161,31,26,3,5,1,2011-2012,REG,65
Philadelphia 76ers,2,75,17503,16700,12,38,1,2,2,2011-2012,REG,65
Phoenix Suns,2,88,15598,17807,12,38,5,2,1,2011-2012,REG,66
Portland Trailblazers,3,84,20496,17164,16,23,0,0,3,2011-2012,REG,66
Sacramento Kings,1,90,14508,16906,19,28,0,0,3,2011-2012,REG,66
San Antonio Spurs,0,102,18397,16991,5,26,1,5,0,2011-2012,REG,66
Toronto Raptors,4,87,16836,16732,20,16,3,3,2,2011-2012,REG,66
Utah Jazz,1,101,19307,16935,23,23,2,0,1,2011-2012,REG,66
Washington Wizards,3,106,16728,16361,39,6,2,2,6,2011-2012,REG,66
Atlanta Hawks,0,7,19306,18624,1,2,0,0,0,2011-2012,POFF,6
Boston Celtics,0,27,18624,19910,5,13,1,0,0,2011-2012,POFF,20
Chicago Bulls,0,6,22034,20385,0,3,0,0,0,2011-2012,POFF,6
Dallas Mavericks,0,9,20587,18203,0,3,0,0,1,2011-2012,POFF,4
Denver Nuggets,1,6,19360,18997,9,2,0,1,0,2011-2012,POFF,7
Indiana Pacers,0,13,18165,19443,0,1,0,1,0,2011-2012,POFF,11
Los Angeles Clippers,1,11,19081,18273,2,3,0,0,0,2011-2012,POFF,11
Los Angeles Lakers,0,12,18997,18782,3,2,0,0,1,2011-2012,POFF,12
Memphis Grizzlies,0,12,18119,19096,3,2,0,0,0,2011-2012,POFF,7
Miami Heat,0,43,19893,18630,5,10,0,1,0,2011-2012,POFF,23
New York Knicks,0,7,19763,19686,1,2,0,0,0,2011-2012,POFF,5
Oklahoma City Thunder,2,28,18203,19492,11,7,0,1,2,2011-2012,POFF,20
Orlando Magic,0,5,18846,18165,0,1,0,0,1,2011-2012,POFF,5
Philadelphia 76ers,0,14,20387,20086,3,6,0,0,0,2011-2012,POFF,13
San Antonio Spurs,1,21,18581,18936,1,3,0,1,0,2011-2012,POFF,14
Utah Jazz,0,3,19911,18581,4,2,0,0,0,2011-2012,POFF,4
Atlanta Hawks,4,107,15126,17166,13,29,0,1,0,2012-2013,REG,82
Brooklyn Nets,3,124,17188,17240,30,41,4,3,2,2012-2013,REG,82
Boston Celtics,1,106,18624,17769,25,36,2,4,0,2012-2013,REG,81
Charlotte Bobcats,4,122,15324,16534,40,34,0,0,4,2012-2013,REG,82
Chicago Bulls,5,114,21877,18145,13,29,5,4,1,2012-2013,REG,82
Cleveland Cavaliers,2,103,16192,16781,14,25,4,0,3,2012-2013,REG,82
Dallas Mavericks,4,127,20036,17613,15,39,1,1,2,2012-2013,REG,82
Denver Nuggets,2,135,17820,17353,44,38,1,0,2,2012-2013,REG,82
Detroit Pistons,1,111,14783,16886,28,27,2,3,5,2012-2013,REG,82
Golden State Warriors,1,107,19374,17204,6,33,1,1,2,2012-2013,REG,82
Houston Rockets,4,147,16672,17982,11,30,1,3,2,2012-2013,REG,82
Indiana Pacers,4,103,15270,17061,14,46,3,5,2,2012-2013,REG,81
Los Angeles Clippers,6,110,19227,17807,15,39,3,8,1,2012-2013,REG,82
Los Angeles Lakers,3,111,18997,18867,44,25,2,2,5,2012-2013,REG,82
Memphis Grizzlies,1,115,16625,17195,21,35,1,1,1,2012-2013,REG,82
Miami Heat,3,122,19983,19091,26,26,0,4,0,2012-2013,REG,82
Milwaukee Bucks,8,104,15036,16920,25,30,8,1,0,2012-2013,REG,82
Minnesota Timberwolves,1,91,16340,17034,38,44,3,2,2,2012-2013,REG,82
New Orleans Hornets,6,116,13803,17254,16,41,0,0,1,2012-2013,REG,82
New York Knicks,2,109,19033,18271,12,31,7,2,2,2012-2013,REG,82
Oklahoma City Thunder,3,130,18203,18336,30,41,3,6,0,2012-2013,REG,82
Orlando Magic,6,107,17627,16822,14,24,1,0,3,2012-2013,REG,82
Philadelphia 76ers,4,76,16717,17323,10,39,0,2,5,2012-2013,REG,82
Phoenix Suns,1,104,15437,17152,14,43,3,1,4,2012-2013,REG,82
Portland Trailblazers,2,108,19830,16728,22,22,0,1,7,2012-2013,REG,82
Sacramento Kings,5,128,13750,17306,17,36,5,0,3,2012-2013,REG,82
San Antonio Spurs,3,124,18432,17291,8,35,3,5,0,2012-2013,REG,82
Toronto Raptors,8,110,18145,16314,33,33,3,4,0,2012-2013,REG,82
Utah Jazz,0,116,18632,16769,24,34,0,4,2,2012-2013,REG,82
Washington Wizards,11,90,16343,16194,15,19,2,0,7,2012-2013,REG,82
Atlanta Hawks,0,1,18239,18165,0,0,0,0,0,2012-2013,POFF,6
Brooklyn Nets,1,13,17732,21747,3,2,0,0,0,2012-2013,POFF,7
Boston Celtics,0,7,18624,19033,2,0,0,0,0,2012-2013,POFF,6
Chicago Bulls,0,19,21981,18636,3,6,3,0,0,2012-2013,POFF,12
Denver Nuggets,0,10,19155,19596,6,2,0,1,0,2012-2013,POFF,6
Golden State Warriors,0,13,19596,18868,0,5,0,0,1,2012-2013,POFF,12
Houston Rockets,0,11,18200,18203,0,3,0,0,0,2012-2013,POFF,6
Indiana Pacers,1,25,18165,19146,5,9,1,0,1,2012-2013,POFF,19
Los Angeles Clippers,1,10,19344,18119,4,1,1,0,0,2012-2013,POFF,6
Los Angeles Lakers,0,7,18997,18581,1,0,1,0,1,2012-2013,POFF,4
Memphis Grizzlies,0,30,18119,18726,0,2,1,0,0,2012-2013,POFF,15
Miami Heat,2,40,19903,19179,3,4,1,2,0,2012-2013,POFF,23
Milwaukee Bucks,1,5,18441,20052,1,4,0,0,2,2012-2013,POFF,4
New York Knicks,0,17,19033,18395,1,2,1,1,0,2012-2013,POFF,12
Oklahoma City Thunder,0,16,18203,18168,2,3,0,0,0,2012-2013,POFF,11
San Antonio Spurs,0,29,18581,19318,3,7,0,1,0,2012-2013,POFF,21
Atlanta Hawks,11,119,14340,17274,4,32,1,3,0,2013-2014,REG,82
Brooklyn Nets,4,122,17252,17528,22,47,2,7,2,2013-2014,REG,82
Boston Celtics,2,109,18107,17495,20,27,4,4,7,2013-2014,REG,82
Charlotte Bobcats,1,104,15519,17027,34,25,0,3,1,2013-2014,REG,82
Chicago Bulls,2,103,21716,17552,12,31,3,4,3,2013-2014,REG,82
Cleveland Cavaliers,0,111,17330,17388,9,43,2,2,4,2013-2014,REG,82
Dallas Mavericks,4,110,19951,17269,22,50,2,3,0,2013-2014,REG,82
Denver Nuggets,6,119,16900,17212,30,31,4,2,5,2013-2014,REG,82
Detroit Pistons,3,129,15025,17281,39,25,6,2,4,2013-2014,REG,82
Golden State Warriors,8,99,19596,17526,15,38,3,5,1,2013-2014,REG,82
Houston Rockets,3,139,18124,17428,35,30,0,6,3,2013-2014,REG,82
Indiana Pacers,4,120,17501,17872,8,37,3,2,3,2013-2014,REG,82
Los Angeles Clippers,9,134,19212,17219,14,35,3,8,1,2013-2014,REG,82
Los Angeles Lakers,10,143,18829,17846,8,35,2,1,7,2013-2014,REG,82
Memphis Grizzlies,0,109,16718,17269,16,34,1,2,1,2013-2014,REG,82
Miami Heat,6,143,19781,19191,26,41,2,3,1,2013-2014,REG,82
Milwaukee Bucks,3,72,13465,17014,23,28,2,1,9,2013-2014,REG,82
Minnesota Timberwolves,1,156,14565,17606,22,37,1,4,2,2013-2014,REG,82
New Orleans Pelicans,9,136,16391,17397,17,41,1,1,4,2013-2014,REG,82
New York Knicks,4,102,19812,17422,6,36,1,3,3,2013-2014,REG,82
Oklahoma City Thunder,4,126,18203,18170,44,45,3,3,0,2013-2014,REG,82
Orlando Magic,3,125,16245,16584,13,30,2,0,2,2013-2014,REG,82
Philadelphia 76ers,1,127,13869,17441,12,36,1,0,10,2013-2014,REG,82
Phoenix Suns,4,112,15872,17250,31,36,3,2,1,2013-2014,REG,82
Portland Trailblazers,2,120,19747,17313,22,21,4,0,1,2013-2014,REG,82
Sacramento Kings,1,156,16291,16860,32,43,7,1,0,2013-2014,REG,82
San Antonio Spurs,3,130,18415,17606,7,35,1,6,2,2013-2014,REG,82
Toronto Raptors,2,142,18252,16703,10,48,1,2,0,2013-2014,REG,82
Utah Jazz,1,147,18176,17296,16,38,0,0,6,2013-2014,REG,82
Washington Wizards,6,120,17026,17192,10,31,3,5,2,2013-2014,REG,82
Atlanta Hawks,3,8,18737,18165,1,5,0,0,0,2013-2014,POFF,7
Brooklyn Nets,2,19,17732,19965,6,3,0,0,0,2013-2014,POFF,12
Charlotte Bobcats,0,8,19363,19622,0,1,0,0,0,2013-2014,POFF,4
Chicago Bulls,1,9,21703,20356,0,2,0,0,1,2013-2014,POFF,5
Dallas Mavericks,0,10,20744,18581,1,7,1,0,0,2013-2014,POFF,7
Golden State Warriors,2,7,19596,19527,1,2,0,0,1,2013-2014,POFF,7
Houston Rockets,0,8,18267,20251,3,2,0,0,0,2013-2014,POFF,6
Indiana Pacers,0,29,18165,19594,1,4,0,1,1,2013-2014,POFF,19
Los Angeles Clippers,2,15,19510,18900,3,5,0,1,0,2013-2014,POFF,13
Memphis Grizzlies,0,10,18119,18203,0,2,0,0,1,2013-2014,POFF,7
Miami Heat,2,23,19769,18443,7,7,0,1,1,2013-2014,POFF,20
Oklahoma City Thunder,3,19,18203,18729,5,11,0,1,0,2013-2014,POFF,19
Portland Trailblazers,3,17,20243,18424,2,2,0,0,1,2013-2014,POFF,11
San Antonio Spurs,1,26,18581,19710,1,8,0,1,0,2013-2014,POFF,23
Toronto Raptors,0,12,20258,17732,1,2,0,0,0,2013-2014,POFF,7
Washington Wizards,0,10,20185,19934,2,8,1,1,0,2013-2014,POFF,11
Atlanta Hawks,4,99,17412,17582,12,51,1,4,0,2014-2015,REG,82
Brooklyn Nets,1,117,17037,17949,23,40,1,2,2,2014-2015,REG,82
Boston Celtics,3,107,17594,17742,6,27,4,4,3,2014-2015,REG,82
Charlotte Hornets,2,129,17192,17654,17,24,0,2,3,2014-2015,REG,82
Chicago Bulls,4,117,21872,18405,8,15,2,0,1,2014-2015,REG,82
Cleveland Cavaliers,1,120,20562,18916,13,47,0,3,0,2014-2015,REG,82
Dallas Mavericks,3,99,20188,17653,16,39,2,5,1,2014-2015,REG,82
Denver Nuggets,6,120,14700,17429,29,26,2,0,4,2014-2015,REG,82
Detroit Pistons,9,121,15266,17866,18,18,1,1,1,2014-2015,REG,82
Golden State Warriors,7,104,19596,18312,14,53,1,5,1,2014-2015,REG,82
Houston Rockets,9,93,18230,17970,31,38,1,5,2,2014-2015,REG,82
Indiana Pacers,11,93,16864,17893,7,31,2,3,6,2014-2015,REG,82
Los Angeles Clippers,9,95,19168,18079,21,21,5,8,0,2014-2015,REG,82
Los Angeles Lakers,7,106,18738,17875,12,34,2,0,7,2014-2015,REG,82
Memphis Grizzlies,1,128,17329,18017,6,39,1,2,5,2014-2015,REG,82
Miami Heat,0,113,19713,17703,30,40,3,4,3,2014-2015,REG,82
Milwaukee Bucks,0,117,14908,17703,18,48,1,5,1,2014-2015,REG,82
Minnesota Timberwolves,0,136,14528,18001,23,36,1,0,9,2014-2015,REG,82
New Orleans Pelicans,1,133,16677,17641,9,40,1,5,2,2014-2015,REG,82
New York Knicks,2,99,19812,17463,30,32,2,0,9,2014-2015,REG,82
Oklahoma City Thunder,3,124,18203,17957,28,27,3,7,2,2014-2015,REG,82
Orlando Magic,1,108,16785,17586,11,42,2,2,5,2014-2015,REG,82
Philadelphia 76ers,2,110,13941,17665,34,32,0,1,12,2014-2015,REG,82
Phoenix Suns,1,133,16923,17586,26,53,6,0,2,2014-2015,REG,82
Portland Trailblazers,8,110,19546,17657,19,17,2,5,0,2014-2015,REG,82
Sacramento Kings,1,114,16587,17515,27,31,3,3,1,2014-2015,REG,82
San Antonio Spurs,1,132,18606,17972,8,34,2,7,1,2014-2015,REG,82
Toronto Raptors,5,107,19752,17523,17,52,2,3,2,2014-2015,REG,82
Utah Jazz,0,120,18831,17135,26,44,2,1,5,2014-2015,REG,82
Washington Wizards,4,105,18239,18253,10,26,2,5,2,2014-2015,REG,82
Atlanta Hawks,0,13,18381,19424,1,5,1,1,0,2014-2015,POFF,16
Brooklyn Nets,1,9,17732,18251,2,3,0,0,1,2014-2015,POFF,6
Boston Celtics,0,8,18624,20562,0,2,0,0,0,2014-2015,POFF,4
Chicago Bulls,0,17,22081,19640,1,5,1,1,0,2014-2015,POFF,12
Cleveland Cavaliers,1,20,20562,20039,3,8,1,0,0,2014-2015,POFF,20
Dallas Mavericks,1,5,20620,18235,0,4,0,0,0,2014-2015,POFF,5
Golden State Warriors,1,26,19596,18945,0,12,0,1,1,2014-2015,POFF,21
Houston Rockets,1,23,18264,19788,6,2,2,1,0,2014-2015,POFF,17
Los Angeles Clippers,0,23,19461,18413,3,7,0,0,1,2014-2015,POFF,14
Memphis Grizzlies,0,15,18119,19655,0,6,0,2,1,2014-2015,POFF,11
Milwaukee Bucks,0,10,18717,21762,0,5,2,0,1,2014-2015,POFF,6
New Orleans Pelicans,0,7,18444,19596,0,1,0,0,0,2014-2015,POFF,4
Portland Trailblazers,1,7,19743,18119,0,2,0,0,2,2014-2015,POFF,5
San Antonio Spurs,1,6,18581,19488,0,5,0,1,0,2014-2015,POFF,7
Toronto Raptors,0,6,19800,20356,1,7,0,0,0,2014-2015,POFF,4
Washington Wizards,0,8,20356,18947,0,5,0,0,0,2014-2015,POFF,10
Atlanta Hawks,3,122,16833,17611,19,42,1,6,0,2015-2016,REG,82
Brooklyn Nets,2,122,15125,18106,14,35,1,0,2,2015-2016,REG,82
Boston Celtics,3,119,18270,17440,5,35,1,3,1,2015-2016,REG,82
Charlotte Hornets,5,121,17485,17784,12,33,1,3,2,2015-2016,REG,82
Chicago Bulls,6,123,21821,18156,5,26,2,5,2,2015-2016,REG,82
Cleveland Cavaliers,6,127,20562,18910,26,39,3,3,0,2015-2016,REG,82
Dallas Mavericks,4,102,20144,17727,20,44,3,3,3,2015-2016,REG,82
Denver Nuggets,4,124,14095,17751,29,26,0,1,2,2015-2016,REG,82
Detroit Pistons,4,110,16516,17814,24,25,2,3,2,2015-2016,REG,82
Golden State Warriors,2,135,19596,19134,10,40,0,6,0,2015-2016,REG,82
Houston Rockets,8,121,17982,17741,40,30,2,3,4,2015-2016,REG,82
Indiana Pacers,5,118,16847,17852,18,29,1,1,2,2015-2016,REG,82
Los Angeles Clippers,9,95,19193,17793,28,31,4,11,0,2015-2016,REG,82
Los Angeles Lakers,9,113,18997,19150,13,23,3,0,11,2015-2016,REG,82
Memphis Grizzlies,1,128,17119,17590,9,42,3,1,2,2015-2016,REG,82
Miami Heat,2,116,19740,18044,31,25,3,2,1,2015-2016,REG,82
Milwaukee Bucks,2,116,15166,17623,34,35,6,2,4,2015-2016,REG,82
Minnesota Timberwolves,1,155,14175,17832,31,41,1,0,6,2015-2016,REG,82
New Orleans Pelicans,1,114,16794,17851,13,72,1,1,2,2015-2016,REG,82
New York Knicks,0,138,19812,18441,15,27,3,1,4,2015-2016,REG,82
Oklahoma City Thunder,2,140,18203,18259,14,30,1,4,1,2015-2016,REG,82
Orlando Magic,1,123,17543,17175,10,36,0,3,5,2015-2016,REG,82
Philadelphia 76ers,10,98,14881,17492,30,23,0,1,6,2015-2016,REG,82
Phoenix Suns,3,114,17107,17303,8,28,1,0,6,2015-2016,REG,82
Portland Trailblazers,10,111,19368,17704,31,20,2,1,3,2015-2016,REG,82
Sacramento Kings,6,128,17257,17355,28,27,4,4,2,2015-2016,REG,82
San Antonio Spurs,4,135,18450,17938,13,28,2,4,1,2015-2016,REG,82
Toronto Raptors,3,115,19826,17163,24,67,4,2,1,2015-2016,REG,82
Utah Jazz,6,117,19305,17378,14,26,2,4,2,2015-2016,REG,82
Washington Wizards,1,141,17693,17787,12,32,3,1,2,2015-2016,REG,82
Atlanta Hawks,0,13,19012,19399,4,8,0,1,0,2015-2016,POFF,10
Boston Celtics,0,16,18624,18980,0,0,0,0,1,2015-2016,POFF,6
Charlotte Hornets,0,11,19465,19701,1,1,0,0,1,2015-2016,POFF,7
Cleveland Cavaliers,2,23,20562,20077,1,8,0,2,0,2015-2016,POFF,21
Dallas Mavericks,0,5,20333,18203,0,0,0,0,2,2015-2016,POFF,5
Detroit Pistons,0,6,21584,20562,0,0,0,0,0,2015-2016,POFF,4
Golden State Warriors,1,35,19596,19195,3,15,3,3,2,2015-2016,POFF,23
Houston Rockets,1,4,18200,19596,3,2,0,0,2,2015-2016,POFF,5
Indiana Pacers,0,7,18165,20017,1,2,0,1,0,2015-2016,POFF,7
Los Angeles Clippers,0,9,19103,19712,1,0,0,0,1,2015-2016,POFF,6
Memphis Grizzlies,0,0,18119,18418,1,4,0,0,0,2015-2016,POFF,4
Miami Heat,1,21,19691,19931,5,4,0,1,1,2015-2016,POFF,14
Oklahoma City Thunder,0,26,18203,19339,3,3,1,2,0,2015-2016,POFF,17
Portland Trailblazers,1,14,19678,19350,6,1,1,1,1,2015-2016,POFF,11
San Antonio Spurs,1,18,18418,18169,2,2,0,0,0,2015-2016,POFF,10
Toronto Raptors,0,24,20215,19468,6,6,0,1,1,2015-2016,POFF,20
Atlanta Hawks,0,9,18797,20356,2,2,0,1,0,2016-2017,POFF,6
Boston Celtics,2,28,18624,20879,7,11,1,1,2,2016-2017,POFF,18
Chicago Bulls,0,6,21613,18624,1,2,0,0,1,2016-2017,POFF,6
Cleveland Cavaliers,1,26,20562,19067,7,5,1,3,0,2016-2017,POFF,17
Golden State Warriors,3,27,19596,19785,3,6,0,5,1,2016-2017,POFF,16
Houston Rockets,0,17,18077,18332,4,2,1,1,0,2016-2017,POFF,11
Indiana Pacers,0,5,17923,20562,1,2,0,0,0,2016-2017,POFF,4
Los Angeles Clippers,1,6,19088,19911,1,1,0,1,0,2016-2017,POFF,7
Memphis Grizzlies,0,13,18119,18418,0,2,0,0,0,2016-2017,POFF,6
Milwaukee Bucks,1,8,18717,20154,3,2,0,1,0,2016-2017,POFF,6
Oklahoma City Thunder,0,2,18203,18055,2,0,0,0,0,2016-2017,POFF,5
Portland Trailblazers,1,3,20040,19596,0,1,0,0,1,2016-2017,POFF,4
San Antonio Spurs,2,34,18471,18481,4,4,1,0,2,2016-2017,POFF,16
Toronto Raptors,0,18,20230,19455,4,3,0,0,1,2016-2017,POFF,10
Utah Jazz,0,14,19911,19257,0,5,0,0,4,2016-2017,POFF,11
Washington Wizards,2,33,20356,18698,4,5,2,0,1,2016-2017,POFF,13
Atlanta Hawks,2,130,15959,17817,23,38,3,3,4,2016-2017,REG,82
Brooklyn Nets,2,157,15429,17755,6,30,1,1,2,2016-2017,REG,82
Boston Celtics,5,126,18553,18313,13,24,2,4,1,2016-2017,REG,82
Charlotte Hornets,8,145,17333,17564,11,43,1,2,1,2016-2017,REG,82
Chicago Bulls,4,136,21680,18033,11,34,5,3,3,2016-2017,REG,82
Cleveland Cavaliers,4,139,20562,19021,11,35,1,2,1,2016-2017,REG,82
Dallas Mavericks,4,98,19789,17519,17,34,3,2,3,2016-2017,REG,82
Denver Nuggets,6,138,14770,17420,16,21,3,4,6,2016-2017,REG,82
Detroit Pistons,2,110,15979,17700,24,20,2,4,2,2016-2017,REG,82
Golden State Warriors,8,130,19596,19015,28,55,3,7,1,2016-2017,REG,82
Houston Rockets,4,134,16973,18141,18,27,2,2,1,2016-2017,REG,82
Indiana Pacers,10,130,16697,17848,10,25,5,0,3,2016-2017,REG,82
Los Angeles Clippers,11,129,19088,17890,13,28,8,4,2,2016-2017,REG,82
Los Angeles Lakers,14,132,18949,18192,19,34,4,2,3,2016-2017,REG,82
Memphis Grizzlies,4,116,16520,17656,13,48,4,3,4,2016-2017,REG,82
Miami Heat,0,135,19644,17819,29,25,4,3,0,2016-2017,REG,82
Milwaukee Bucks,0,156,15828,17928,22,34,2,2,2,2016-2017,REG,82
Minnesota Timberwolves,0,156,14810,18102,28,85,1,1,0,2016-2017,REG,82
New Orleans Pelicans,1,148,16173,18063,10,58,2,0,1,2016-2017,REG,82
New York Knicks,5,125,19774,17928,10,24,6,0,3,2016-2017,REG,82
Oklahoma City Thunder,2,131,18203,18374,24,40,1,1,2,2016-2017,REG,82
Orlando Magic,1,125,17753,17334,30,35,1,2,3,2016-2017,REG,82
Philadelphia 76ers,5,110,17331,17209,21,27,1,0,5,2016-2017,REG,82
Phoenix Suns,0,152,17284,17619,23,39,5,1,6,2016-2017,REG,82
Portland Trailblazers,8,139,19318,17556,20,18,1,1,4,2016-2017,REG,82
Sacramento Kings,6,140,17608,17489,12,38,3,1,1,2016-2017,REG,82
San Antonio Spurs,7,108,18423,18131,15,22,2,2,0,2016-2017,REG,82
Toronto Raptors,9,117,19830,17926,17,37,4,1,1,2016-2017,REG,82
Utah Jazz,2,142,19662,17212,14,31,1,5,0,2016-2017,REG,82
Washington Wizards,3,142,17003,17949,5,36,8,3,1,2016-2017,REG,82
Atlanta Hawks,6,106,14277,17613,15,43,1,1,5,2017-2018,REG,69
Brooklyn Nets,11,121,15801,17236,4,29,2,0,2,2017-2018,REG,68
Boston Celtics,3,83,18624,18608,13,33,0,3,0,2017-2018,REG,68
Charlotte Hornets,12,141,16355,17588,23,22,2,1,1,2017-2018,REG,69
Chicago Bulls,7,113,20672,17946,7,35,3,2,6,2017-2018,REG,68
Cleveland Cavaliers,6,115,20562,18893,9,32,3,1,2,2017-2018,REG,68
Dallas Mavericks,4,91,19770,17173,17,23,1,3,2,2017-2018,REG,68
Denver Nuggets,10,131,17153,17600,30,25,3,3,2,2017-2018,REG,69
Detroit Pistons,0,93,17232,17887,28,25,0,3,2,2017-2018,REG,68
Golden State Warriors,8,95,19596,19080,21,44,9,1,0,2017-2018,REG,68
Houston Rockets,19,107,17862,18304,21,34,3,6,1,2017-2018,REG,68
Indiana Pacers,3,103,15845,17903,16,21,0,4,3,2017-2018,REG,69
Los Angeles Clippers,1,95,16961,17682,11,15,3,3,3,2017-2018,REG,67
Los Angeles Lakers,5,109,18920,18792,15,16,2,1,3,2017-2018,REG,68
Memphis Grizzlies,2,99,15851,17703,6,30,5,0,2,2017-2018,REG,68
Miami Heat,5,111,19619,18164,15,22,1,2,0,2017-2018,REG,69
Milwaukee Bucks,6,117,16476,17991,26,28,2,4,1,2017-2018,REG,68
Minnesota Timberwolves,6,121,16939,17664,16,36,6,6,1,2017-2018,REG,69
New Orleans Pelicans,6,126,16296,17844,8,31,5,2,5,2017-2018,REG,68
New York Knicks,6,109,19353,18105,16,24,0,0,0,2017-2018,REG,69
Oklahoma City Thunder,1,119,18203,18911,23,36,1,5,0,2017-2018,REG,70
Orlando Magic,3,94,17996,17612,11,13,2,1,5,2017-2018,REG,69
Philadelphia 76ers,7,87,20549,18070,7,27,1,4,0,2017-2018,REG,67
Phoenix Suns,1,117,16680,17400,10,26,7,1,7,2017-2018,REG,70
Portland Trailblazers,5,94,19334,17439,7,24,0,1,1,2017-2018,REG,68
Sacramento Kings,4,102,17583,17370,17,28,0,1,5,2017-2018,REG,69
San Antonio Spurs,9,87,18395,18395,12,16,2,2,2,2017-2018,REG,69
Toronto Raptors,10,135,19836,17471,18,28,4,0,2,2017-2018,REG,68
Utah Jazz,4,110,17843,17084,21,47,4,2,1,2017-2018,REG,69
Washington Wizards,4,119,17825,17453,6,30,3,4,3,2017-2018,REG,69
,,,,,,,,,,,,