Team,Team EFg%,Opp EFg%,Team FT Rate,Opp FT Rate%,Team TO Rate,Opp TO Rate,Team Off. Reb.%,Opp Reb Rate%,Win,Loss,Season,Season Type,Match Count
Atlanta Hawks,0.498,0.472,0.236,0.192,0.164,0.167,0.315,0.308,56,26,1996-1997,REG,82
Boston Celtics,0.474,0.539,0.237,0.243,0.163,0.177,0.294,0.315,15,67,1996-1997,REG,82
Charlotte Hornets,0.518,0.496,0.243,0.204,0.157,0.149,0.287,0.319,54,28,1996-1997,REG,82
Chicago Bulls,0.511,0.471,0.2,0.196,0.145,0.168,0.359,0.307,69,13,1996-1997,REG,82
Cleveland Cavaliers,0.493,0.482,0.215,0.282,0.163,0.186,0.294,0.281,42,40,1996-1997,REG,82
Dallas Mavericks,0.469,0.5,0.213,0.229,0.17,0.168,0.3,0.327,24,58,1996-1997,REG,82
Denver Nuggets,0.486,0.501,0.227,0.206,0.168,0.131,0.288,0.307,21,61,1996-1997,REG,82
Detroit Pistons,0.512,0.487,0.244,0.197,0.141,0.164,0.275,0.296,54,28,1996-1997,REG,82
Golden State Warriors,0.493,0.518,0.258,0.234,0.177,0.162,0.323,0.325,30,52,1996-1997,REG,82
Houston Rockets,0.52,0.481,0.232,0.19,0.173,0.149,0.284,0.286,57,25,1996-1997,REG,82
Indiana Pacers,0.49,0.48,0.27,0.258,0.172,0.163,0.313,0.296,39,43,1996-1997,REG,82
Los Angeles Clippers,0.482,0.499,0.227,0.269,0.166,0.173,0.308,0.319,36,46,1996-1997,REG,82
Los Angeles Lakers,0.496,0.478,0.243,0.231,0.155,0.171,0.316,0.315,56,26,1996-1997,REG,82
Miami Heat,0.507,0.465,0.233,0.248,0.171,0.174,0.292,0.294,61,21,1996-1997,REG,82
Milwaukee Bucks,0.496,0.501,0.248,0.253,0.168,0.157,0.297,0.301,33,49,1996-1997,REG,82
Minnesota Timberwolves,0.485,0.486,0.254,0.252,0.161,0.162,0.288,0.317,40,42,1996-1997,REG,82
New Jersey Nets,0.456,0.503,0.212,0.244,0.16,0.158,0.364,0.31,26,56,1996-1997,REG,82
New York Knicks,0.501,0.463,0.255,0.279,0.19,0.167,0.305,0.266,57,25,1996-1997,REG,82
Orlando Magic,0.481,0.495,0.227,0.211,0.163,0.172,0.309,0.327,45,37,1996-1997,REG,82
Philadelphia 76ers,0.47,0.51,0.259,0.222,0.174,0.157,0.341,0.335,22,60,1996-1997,REG,82
Phoenix Suns,0.508,0.507,0.241,0.215,0.15,0.163,0.271,0.306,40,42,1996-1997,REG,82
Portland Trailblazers,0.503,0.471,0.25,0.268,0.174,0.158,0.325,0.276,49,33,1996-1997,REG,82
Sacramento Kings,0.485,0.495,0.226,0.264,0.169,0.162,0.32,0.315,34,48,1996-1997,REG,82
San Antonio Spurs,0.472,0.514,0.217,0.236,0.164,0.157,0.324,0.33,20,62,1996-1997,REG,82
Seattle SuperSonics,0.51,0.49,0.269,0.242,0.161,0.195,0.309,0.309,57,25,1996-1997,REG,82
Toronto Raptors,0.481,0.504,0.218,0.258,0.171,0.173,0.326,0.314,30,52,1996-1997,REG,82
Utah Jazz,0.531,0.48,0.299,0.29,0.164,0.172,0.297,0.284,64,18,1996-1997,REG,82
Vancouver Grizzlies,0.471,0.51,0.191,0.224,0.168,0.165,0.297,0.359,14,68,1996-1997,REG,82
Washington Wizards,0.505,0.491,0.21,0.226,0.165,0.169,0.302,0.297,44,38,1996-1997,REG,82
Atlanta Hawks,0.485,0.484,0.287,0.181,0.178,0.123,0.299,0.308,4,6,1996-1997,POFF,10
Charlotte Hornets,0.492,0.629,0.208,0.158,0.146,0.167,0.314,0.247,0,3,1996-1997,POFF,3
Chicago Bulls,0.47,0.469,0.213,0.287,0.139,0.181,0.349,0.275,15,4,1996-1997,POFF,19
Detroit Pistons,0.471,0.496,0.203,0.275,0.112,0.184,0.214,0.305,2,3,1996-1997,POFF,5
Houston Rockets,0.516,0.483,0.283,0.255,0.166,0.135,0.312,0.312,9,7,1996-1997,POFF,16
Los Angeles Clippers,0.476,0.552,0.28,0.389,0.13,0.149,0.24,0.324,0,3,1996-1997,POFF,3
Los Angeles Lakers,0.481,0.468,0.359,0.342,0.145,0.157,0.289,0.305,4,5,1996-1997,POFF,9
Miami Heat,0.467,0.442,0.257,0.256,0.181,0.156,0.272,0.288,8,9,1996-1997,POFF,17
Minnesota Timberwolves,0.487,0.574,0.15,0.294,0.097,0.158,0.296,0.308,0,3,1996-1997,POFF,3
New York Knicks,0.504,0.474,0.233,0.261,0.174,0.168,0.254,0.264,6,4,1996-1997,POFF,10
Orlando Magic,0.448,0.495,0.258,0.202,0.135,0.156,0.229,0.324,2,3,1996-1997,POFF,5
Phoenix Suns,0.478,0.516,0.257,0.267,0.163,0.144,0.235,0.315,2,3,1996-1997,POFF,5
Portland Trailblazers,0.479,0.496,0.271,0.399,0.168,0.142,0.296,0.308,1,3,1996-1997,POFF,4
Seattle SuperSonics,0.494,0.491,0.281,0.259,0.145,0.173,0.32,0.307,6,6,1996-1997,POFF,12
Utah Jazz,0.485,0.483,0.32,0.282,0.147,0.143,0.293,0.258,13,7,1996-1997,POFF,20
Washington Wizards,0.505,0.492,0.316,0.233,0.199,0.142,0.321,0.392,0,3,1996-1997,POFF,3
Atlanta Hawks,0.481,0.468,0.275,0.194,0.159,0.145,0.34,0.309,50,32,1997-1998,REG,82
Boston Celtics,0.464,0.504,0.206,0.343,0.166,0.21,0.328,0.332,36,46,1997-1998,REG,82
Charlotte Hornets,0.495,0.493,0.259,0.224,0.161,0.161,0.304,0.292,51,31,1997-1998,REG,82
Chicago Bulls,0.473,0.457,0.219,0.22,0.148,0.165,0.357,0.294,62,20,1997-1998,REG,82
Cleveland Cavaliers,0.478,0.46,0.266,0.264,0.183,0.186,0.3,0.289,47,35,1997-1998,REG,82
Dallas Mavericks,0.458,0.488,0.194,0.196,0.148,0.16,0.276,0.349,20,62,1997-1998,REG,82
Denver Nuggets,0.44,0.506,0.259,0.285,0.164,0.162,0.302,0.337,11,71,1997-1998,REG,82
Detroit Pistons,0.472,0.474,0.267,0.243,0.154,0.162,0.309,0.298,37,45,1997-1998,REG,82
Golden State Warriors,0.427,0.469,0.197,0.247,0.172,0.147,0.337,0.314,19,63,1997-1998,REG,82
Houston Rockets,0.496,0.499,0.251,0.208,0.166,0.151,0.298,0.307,41,41,1997-1998,REG,82
Indiana Pacers,0.502,0.453,0.262,0.236,0.152,0.162,0.279,0.322,58,24,1997-1998,REG,82
Los Angeles Clippers,0.477,0.498,0.221,0.243,0.164,0.148,0.296,0.339,17,65,1997-1998,REG,82
Los Angeles Lakers,0.519,0.467,0.285,0.245,0.159,0.157,0.316,0.313,61,21,1997-1998,REG,82
Miami Heat,0.494,0.452,0.243,0.257,0.162,0.16,0.315,0.304,55,27,1997-1998,REG,82
Milwaukee Bucks,0.475,0.485,0.26,0.282,0.177,0.172,0.314,0.31,36,46,1997-1998,REG,82
Minnesota Timberwolves,0.483,0.48,0.244,0.24,0.144,0.152,0.306,0.315,45,37,1997-1998,REG,82
New Jersey Nets,0.463,0.499,0.253,0.258,0.148,0.189,0.367,0.336,43,39,1997-1998,REG,82
New York Knicks,0.476,0.455,0.218,0.282,0.164,0.161,0.295,0.26,43,39,1997-1998,REG,82
Orlando Magic,0.452,0.478,0.24,0.202,0.17,0.166,0.342,0.331,41,41,1997-1998,REG,82
Philadelphia 76ers,0.462,0.481,0.271,0.256,0.172,0.169,0.325,0.327,31,51,1997-1998,REG,82
Phoenix Suns,0.5,0.471,0.217,0.227,0.157,0.171,0.297,0.3,56,26,1997-1998,REG,82
Portland Trailblazers,0.476,0.46,0.256,0.249,0.179,0.15,0.33,0.286,46,36,1997-1998,REG,82
Sacramento Kings,0.464,0.482,0.215,0.23,0.162,0.158,0.302,0.334,27,55,1997-1998,REG,82
San Antonio Spurs,0.493,0.437,0.241,0.218,0.173,0.135,0.306,0.278,56,26,1997-1998,REG,82
Seattle SuperSonics,0.521,0.478,0.236,0.223,0.151,0.177,0.287,0.339,61,21,1997-1998,REG,82
Toronto Raptors,0.463,0.508,0.217,0.235,0.172,0.171,0.321,0.372,16,66,1997-1998,REG,82
Utah Jazz,0.51,0.471,0.334,0.271,0.166,0.151,0.324,0.29,62,20,1997-1998,REG,82
Vancouver Grizzlies,0.482,0.507,0.242,0.24,0.177,0.145,0.314,0.331,19,63,1997-1998,REG,82
Washington Wizards,0.476,0.482,0.219,0.248,0.147,0.168,0.312,0.305,42,40,1997-1998,REG,82
Atlanta Hawks,0.495,0.511,0.209,0.19,0.146,0.148,0.288,0.216,1,3,1997-1998,POFF,4
Charlotte Hornets,0.479,0.48,0.178,0.222,0.153,0.138,0.238,0.308,4,5,1997-1998,POFF,9
Chicago Bulls,0.472,0.476,0.269,0.242,0.138,0.168,0.343,0.276,15,6,1997-1998,POFF,21
Cleveland Cavaliers,0.449,0.514,0.415,0.257,0.209,0.17,0.303,0.258,1,3,1997-1998,POFF,4
Houston Rockets,0.416,0.48,0.289,0.283,0.143,0.147,0.247,0.235,2,3,1997-1998,POFF,5
Indiana Pacers,0.499,0.467,0.321,0.296,0.161,0.168,0.257,0.326,10,6,1997-1998,POFF,16
Los Angeles Lakers,0.514,0.501,0.306,0.276,0.142,0.156,0.331,0.317,7,6,1997-1998,POFF,13
Miami Heat,0.483,0.465,0.29,0.321,0.151,0.157,0.211,0.281,2,3,1997-1998,POFF,5
Minnesota Timberwolves,0.462,0.512,0.206,0.23,0.15,0.148,0.315,0.307,2,3,1997-1998,POFF,5
New Jersey Nets,0.485,0.515,0.237,0.275,0.146,0.149,0.333,0.357,0,3,1997-1998,POFF,3
New York Knicks,0.472,0.481,0.256,0.319,0.171,0.152,0.269,0.23,4,6,1997-1998,POFF,10
Phoenix Suns,0.459,0.53,0.173,0.289,0.119,0.15,0.261,0.265,1,3,1997-1998,POFF,4
Portland Trailblazers,0.489,0.531,0.277,0.363,0.172,0.129,0.335,0.26,1,3,1997-1998,POFF,4
San Antonio Spurs,0.489,0.453,0.294,0.2,0.157,0.119,0.283,0.251,4,5,1997-1998,POFF,9
Seattle SuperSonics,0.497,0.516,0.222,0.233,0.141,0.154,0.323,0.357,4,6,1997-1998,POFF,10
Utah Jazz,0.477,0.441,0.258,0.282,0.158,0.146,0.256,0.289,13,7,1997-1998,POFF,20
Portland Trailblazers,0.473,0.445,0.253,0.233,0.164,0.166,0.318,0.282,35,15,1998-1999,REG,50
Phoenix Suns,0.481,0.485,0.231,0.216,0.144,0.172,0.284,0.302,27,23,1998-1999,REG,50
Philadelphia 76ers,0.439,0.454,0.276,0.249,0.172,0.189,0.342,0.302,28,22,1998-1999,REG,50
Orlando Magic,0.456,0.473,0.222,0.181,0.179,0.186,0.326,0.292,33,17,1998-1999,REG,50
Seattle SuperSonics,0.481,0.489,0.232,0.213,0.159,0.155,0.319,0.314,25,25,1998-1999,REG,50
New York Knicks,0.463,0.434,0.241,0.258,0.177,0.166,0.279,0.29,27,23,1998-1999,REG,50
Charlotte Hornets,0.485,0.461,0.278,0.24,0.166,0.159,0.244,0.305,26,24,1998-1999,REG,50
New Jersey Nets,0.434,0.481,0.231,0.238,0.153,0.169,0.311,0.303,16,34,1998-1999,REG,50
Minnesota Timberwolves,0.439,0.467,0.196,0.276,0.137,0.173,0.325,0.298,25,25,1998-1999,REG,50
Milwaukee Bucks,0.489,0.463,0.222,0.275,0.158,0.179,0.29,0.324,28,22,1998-1999,REG,50
Miami Heat,0.494,0.439,0.26,0.226,0.166,0.151,0.273,0.29,33,17,1998-1999,REG,50
Vancouver Grizzlies,0.447,0.492,0.263,0.261,0.178,0.167,0.309,0.331,8,42,1998-1999,REG,50
Los Angeles Lakers,0.498,0.468,0.261,0.267,0.161,0.149,0.305,0.298,31,19,1998-1999,REG,50
Los Angeles Clippers,0.454,0.503,0.22,0.279,0.167,0.168,0.306,0.331,9,41,1998-1999,REG,50
Indiana Pacers,0.486,0.46,0.253,0.236,0.138,0.142,0.287,0.301,33,17,1998-1999,REG,50
Houston Rockets,0.506,0.461,0.228,0.188,0.172,0.141,0.278,0.301,31,19,1998-1999,REG,50
Golden State Warriors,0.434,0.445,0.19,0.29,0.161,0.156,0.352,0.296,21,29,1998-1999,REG,50
Detroit Pistons,0.48,0.468,0.256,0.259,0.169,0.172,0.305,0.28,29,21,1998-1999,REG,50
Denver Nuggets,0.459,0.499,0.253,0.248,0.156,0.147,0.301,0.308,14,36,1998-1999,REG,50
Dallas Mavericks,0.459,0.476,0.218,0.212,0.145,0.148,0.298,0.309,19,31,1998-1999,REG,50
Cleveland Cavaliers,0.464,0.468,0.285,0.267,0.17,0.182,0.252,0.31,22,28,1998-1999,REG,50
Chicago Bulls,0.424,0.483,0.219,0.241,0.164,0.17,0.268,0.283,13,37,1998-1999,REG,50
Boston Celtics,0.469,0.465,0.179,0.287,0.167,0.17,0.306,0.306,19,31,1998-1999,REG,50
Atlanta Hawks,0.436,0.437,0.277,0.203,0.163,0.145,0.33,0.279,31,19,1998-1999,REG,50
Sacramento Kings,0.479,0.471,0.205,0.176,0.169,0.155,0.306,0.323,27,23,1998-1999,REG,50
San Antonio Spurs,0.479,0.423,0.259,0.198,0.161,0.155,0.304,0.305,37,13,1998-1999,REG,50
Toronto Raptors,0.45,0.473,0.257,0.258,0.17,0.163,0.338,0.298,23,27,1998-1999,REG,50
Utah Jazz,0.485,0.441,0.32,0.242,0.177,0.162,0.3,0.296,37,13,1998-1999,REG,50
Washington Wizards,0.468,0.474,0.213,0.273,0.157,0.166,0.282,0.305,18,32,1998-1999,REG,50
Portland Trailblazers,0.451,0.463,0.34,0.27,0.155,0.155,0.259,0.261,7,6,1998-1999,POFF,13
Phoenix Suns,0.473,0.558,0.198,0.432,0.15,0.189,0.24,0.253,0,3,1998-1999,POFF,3
Philadelphia 76ers,0.437,0.451,0.213,0.3,0.146,0.184,0.375,0.337,3,5,1998-1999,POFF,8
Orlando Magic,0.422,0.452,0.325,0.245,0.201,0.173,0.337,0.419,1,3,1998-1999,POFF,4
New York Knicks,0.451,0.437,0.244,0.289,0.147,0.164,0.258,0.251,12,8,1998-1999,POFF,20
Minnesota Timberwolves,0.412,0.459,0.173,0.275,0.159,0.143,0.322,0.269,1,3,1998-1999,POFF,4
Milwaukee Bucks,0.484,0.508,0.302,0.31,0.178,0.178,0.271,0.347,0,3,1998-1999,POFF,3
Miami Heat,0.441,0.471,0.279,0.225,0.146,0.153,0.219,0.29,2,3,1998-1999,POFF,5
Los Angeles Lakers,0.473,0.481,0.236,0.317,0.143,0.159,0.273,0.283,3,5,1998-1999,POFF,8
Indiana Pacers,0.485,0.453,0.29,0.259,0.174,0.145,0.304,0.284,9,4,1998-1999,POFF,13
Houston Rockets,0.463,0.508,0.268,0.217,0.139,0.131,0.308,0.253,1,3,1998-1999,POFF,4
Detroit Pistons,0.452,0.484,0.152,0.202,0.146,0.174,0.3,0.294,2,3,1998-1999,POFF,5
Atlanta Hawks,0.415,0.461,0.239,0.192,0.162,0.154,0.298,0.284,3,6,1998-1999,POFF,9
Sacramento Kings,0.446,0.46,0.246,0.25,0.189,0.17,0.292,0.316,2,3,1998-1999,POFF,5
San Antonio Spurs,0.48,0.417,0.301,0.213,0.165,0.151,0.261,0.282,15,2,1998-1999,POFF,17
Utah Jazz,0.451,0.435,0.287,0.312,0.164,0.16,0.28,0.265,5,6,1998-1999,POFF,11
Atlanta Hawks,0.46,0.481,0.217,0.196,0.16,0.125,0.317,0.29,28,54,1999-2000,REG,82
Boston Celtics,0.474,0.498,0.236,0.306,0.156,0.173,0.304,0.262,35,47,1999-2000,REG,82
Chicago Bulls,0.443,0.484,0.24,0.24,0.194,0.162,0.299,0.301,17,65,1999-2000,REG,82
Cleveland Cavaliers,0.468,0.474,0.246,0.275,0.174,0.168,0.281,0.288,32,50,1999-2000,REG,82
Dallas Mavericks,0.49,0.488,0.2,0.21,0.138,0.163,0.255,0.339,40,42,1999-2000,REG,82
Denver Nuggets,0.476,0.479,0.222,0.235,0.157,0.145,0.292,0.284,35,47,1999-2000,REG,82
Detroit Pistons,0.492,0.499,0.295,0.249,0.157,0.169,0.268,0.284,42,40,1999-2000,REG,82
Golden State Warriors,0.444,0.499,0.21,0.259,0.159,0.163,0.326,0.309,19,63,1999-2000,REG,82
Houston Rockets,0.494,0.481,0.236,0.201,0.174,0.141,0.291,0.284,34,48,1999-2000,REG,82
Indiana Pacers,0.503,0.469,0.245,0.197,0.145,0.142,0.249,0.285,56,26,1999-2000,REG,82
Los Angeles Clippers,0.458,0.507,0.202,0.22,0.163,0.147,0.261,0.304,15,67,1999-2000,REG,82
Los Angeles Lakers,0.484,0.443,0.241,0.223,0.143,0.149,0.306,0.269,67,15,1999-2000,REG,82
Vancouver Grizzlies,0.474,0.502,0.248,0.231,0.173,0.156,0.301,0.295,22,60,1999-2000,REG,82
Miami Heat,0.495,0.453,0.208,0.229,0.159,0.144,0.282,0.271,52,30,1999-2000,REG,82
Milwaukee Bucks,0.494,0.496,0.228,0.254,0.154,0.161,0.3,0.304,42,40,1999-2000,REG,82
Minnesota Timberwolves,0.485,0.474,0.2,0.25,0.145,0.154,0.294,0.27,50,32,1999-2000,REG,82
New Jersey Nets,0.468,0.491,0.233,0.223,0.136,0.172,0.281,0.328,31,51,1999-2000,REG,82
Charlotte Hornets,0.475,0.478,0.285,0.198,0.149,0.16,0.257,0.268,49,33,1999-2000,REG,82
New York Knicks,0.482,0.455,0.221,0.252,0.157,0.151,0.247,0.269,50,32,1999-2000,REG,82
Seattle SuperSonics,0.487,0.483,0.196,0.194,0.145,0.157,0.285,0.304,45,37,1999-2000,REG,82
Orlando Magic,0.473,0.476,0.224,0.227,0.176,0.177,0.317,0.301,41,41,1999-2000,REG,82
Philadelphia 76ers,0.457,0.466,0.233,0.229,0.162,0.179,0.314,0.301,49,33,1999-2000,REG,82
Phoenix Suns,0.491,0.454,0.217,0.245,0.171,0.175,0.293,0.295,53,29,1999-2000,REG,82
Portland Trailblazers,0.501,0.461,0.24,0.217,0.162,0.153,0.303,0.276,59,23,1999-2000,REG,82
Sacramento Kings,0.486,0.479,0.209,0.198,0.158,0.17,0.277,0.303,44,38,1999-2000,REG,82
San Antonio Spurs,0.488,0.451,0.258,0.188,0.157,0.149,0.278,0.27,53,29,1999-2000,REG,82
Toronto Raptors,0.464,0.48,0.23,0.247,0.142,0.158,0.301,0.282,45,37,1999-2000,REG,82
Utah Jazz,0.49,0.477,0.26,0.256,0.157,0.167,0.295,0.268,55,27,1999-2000,REG,82
Washington Wizards,0.476,0.489,0.234,0.273,0.165,0.154,0.306,0.283,29,53,1999-2000,REG,82
Detroit Pistons,0.435,0.512,0.279,0.233,0.177,0.189,0.154,0.227,0,3,1999-2000,POFF,3
Indiana Pacers,0.488,0.482,0.267,0.22,0.133,0.132,0.252,0.27,13,10,1999-2000,POFF,23
Los Angeles Lakers,0.498,0.476,0.245,0.289,0.141,0.144,0.306,0.263,15,8,1999-2000,POFF,23
Miami Heat,0.451,0.431,0.227,0.269,0.19,0.183,0.257,0.192,6,4,1999-2000,POFF,10
Milwaukee Bucks,0.483,0.446,0.201,0.262,0.197,0.199,0.285,0.299,2,3,1999-2000,POFF,5
Minnesota Timberwolves,0.467,0.476,0.18,0.265,0.13,0.137,0.279,0.261,1,3,1999-2000,POFF,4
Charlotte Hornets,0.46,0.466,0.297,0.244,0.165,0.134,0.329,0.299,1,3,1999-2000,POFF,4
New York Knicks,0.462,0.442,0.243,0.25,0.156,0.152,0.204,0.267,9,7,1999-2000,POFF,16
Seattle SuperSonics,0.481,0.508,0.209,0.214,0.163,0.173,0.287,0.281,2,3,1999-2000,POFF,5
Philadelphia 76ers,0.452,0.49,0.274,0.256,0.13,0.144,0.312,0.276,5,5,1999-2000,POFF,10
Phoenix Suns,0.435,0.436,0.192,0.305,0.184,0.171,0.303,0.311,4,5,1999-2000,POFF,9
Portland Trailblazers,0.481,0.478,0.303,0.248,0.149,0.154,0.259,0.25,10,6,1999-2000,POFF,16
Sacramento Kings,0.456,0.488,0.279,0.195,0.123,0.117,0.263,0.38,2,3,1999-2000,POFF,5
San Antonio Spurs,0.391,0.421,0.293,0.149,0.173,0.163,0.265,0.292,1,3,1999-2000,POFF,4
Toronto Raptors,0.403,0.493,0.324,0.323,0.153,0.18,0.307,0.205,0,3,1999-2000,POFF,3
Utah Jazz,0.475,0.483,0.235,0.264,0.164,0.16,0.264,0.279,4,6,1999-2000,POFF,10
Atlanta Hawks,0.456,0.472,0.206,0.249,0.17,0.153,0.289,0.292,25,57,2000-2001,REG,82
Boston Celtics,0.473,0.493,0.25,0.256,0.162,0.173,0.253,0.273,36,46,2000-2001,REG,82
Chicago Bulls,0.45,0.499,0.22,0.254,0.162,0.159,0.266,0.298,15,67,2000-2001,REG,82
Cleveland Cavaliers,0.459,0.477,0.239,0.248,0.172,0.156,0.297,0.289,30,52,2000-2001,REG,82
Dallas Mavericks,0.498,0.467,0.231,0.244,0.142,0.157,0.241,0.294,53,29,2000-2001,REG,82
Denver Nuggets,0.47,0.476,0.211,0.223,0.143,0.136,0.283,0.282,40,42,2000-2001,REG,82
Detroit Pistons,0.453,0.466,0.234,0.233,0.161,0.155,0.293,0.278,32,50,2000-2001,REG,82
Golden State Warriors,0.429,0.504,0.199,0.227,0.16,0.167,0.333,0.303,17,65,2000-2001,REG,82
Houston Rockets,0.492,0.475,0.244,0.206,0.152,0.141,0.275,0.281,45,37,2000-2001,REG,82
Indiana Pacers,0.471,0.452,0.239,0.235,0.157,0.143,0.27,0.287,41,41,2000-2001,REG,82
Los Angeles Clippers,0.476,0.466,0.221,0.217,0.162,0.134,0.283,0.289,31,51,2000-2001,REG,82
Los Angeles Lakers,0.498,0.468,0.238,0.234,0.15,0.134,0.311,0.275,56,26,2000-2001,REG,82
Vancouver Grizzlies,0.464,0.491,0.223,0.194,0.163,0.157,0.261,0.302,23,59,2000-2001,REG,82
Miami Heat,0.469,0.46,0.227,0.214,0.149,0.167,0.243,0.273,50,32,2000-2001,REG,82
Milwaukee Bucks,0.499,0.473,0.217,0.253,0.142,0.159,0.281,0.289,52,30,2000-2001,REG,82
Minnesota Timberwolves,0.482,0.478,0.199,0.238,0.146,0.156,0.286,0.281,47,35,2000-2001,REG,82
New Jersey Nets,0.452,0.488,0.249,0.258,0.15,0.166,0.257,0.3,26,56,2000-2001,REG,82
Charlotte Hornets,0.457,0.456,0.246,0.222,0.151,0.154,0.298,0.255,46,36,2000-2001,REG,82
New York Knicks,0.476,0.453,0.222,0.24,0.158,0.159,0.242,0.257,48,34,2000-2001,REG,82
Seattle SuperSonics,0.491,0.488,0.219,0.2,0.159,0.155,0.291,0.302,44,38,2000-2001,REG,82
Orlando Magic,0.474,0.464,0.215,0.29,0.157,0.171,0.291,0.302,43,39,2000-2001,REG,82
Philadelphia 76ers,0.468,0.46,0.262,0.186,0.163,0.161,0.312,0.275,56,26,2000-2001,REG,82
Phoenix Suns,0.46,0.46,0.221,0.252,0.157,0.18,0.273,0.263,51,31,2000-2001,REG,82
Portland Trailblazers,0.497,0.47,0.226,0.223,0.165,0.159,0.3,0.276,50,32,2000-2001,REG,82
Sacramento Kings,0.484,0.461,0.23,0.181,0.149,0.161,0.272,0.293,55,27,2000-2001,REG,82
San Antonio Spurs,0.496,0.444,0.267,0.182,0.148,0.143,0.271,0.263,58,24,2000-2001,REG,82
Toronto Raptors,0.468,0.476,0.213,0.212,0.138,0.145,0.308,0.268,47,35,2000-2001,REG,82
Utah Jazz,0.497,0.473,0.273,0.301,0.168,0.172,0.302,0.268,53,29,2000-2001,REG,82
Washington Wizards,0.46,0.503,0.264,0.236,0.174,0.155,0.297,0.282,19,63,2000-2001,REG,82
Dallas Mavericks,0.436,0.491,0.269,0.256,0.125,0.145,0.27,0.303,4,6,2000-2001,POFF,10
Indiana Pacers,0.436,0.451,0.188,0.28,0.137,0.121,0.278,0.333,1,3,2000-2001,POFF,4
Los Angeles Lakers,0.505,0.433,0.254,0.249,0.148,0.147,0.33,0.259,15,1,2000-2001,POFF,16
Miami Heat,0.458,0.496,0.181,0.363,0.167,0.143,0.181,0.316,0,3,2000-2001,POFF,3
Milwaukee Bucks,0.475,0.447,0.232,0.242,0.13,0.119,0.294,0.318,10,8,2000-2001,POFF,18
Minnesota Timberwolves,0.397,0.47,0.195,0.257,0.126,0.151,0.214,0.274,1,3,2000-2001,POFF,4
Charlotte Hornets,0.462,0.47,0.301,0.2,0.126,0.135,0.319,0.239,6,4,2000-2001,POFF,10
New York Knicks,0.501,0.462,0.261,0.231,0.16,0.157,0.206,0.335,2,3,2000-2001,POFF,5
Orlando Magic,0.479,0.453,0.187,0.334,0.114,0.123,0.274,0.367,1,3,2000-2001,POFF,4
Philadelphia 76ers,0.446,0.486,0.253,0.201,0.132,0.144,0.325,0.288,12,11,2000-2001,POFF,23
Phoenix Suns,0.404,0.434,0.182,0.282,0.129,0.178,0.277,0.342,1,3,2000-2001,POFF,4
Portland Trailblazers,0.454,0.488,0.258,0.238,0.161,0.128,0.221,0.344,0,3,2000-2001,POFF,3
Sacramento Kings,0.432,0.448,0.272,0.256,0.169,0.143,0.32,0.301,3,5,2000-2001,POFF,8
San Antonio Spurs,0.475,0.441,0.253,0.195,0.149,0.123,0.26,0.283,7,6,2000-2001,POFF,13
Toronto Raptors,0.481,0.479,0.198,0.262,0.145,0.153,0.308,0.28,6,6,2000-2001,POFF,12
Utah Jazz,0.447,0.468,0.257,0.332,0.134,0.142,0.303,0.25,2,3,2000-2001,POFF,5
Atlanta Hawks,0.471,0.495,0.225,0.218,0.158,0.155,0.275,0.291,33,49,2001-2002,REG,82
Boston Celtics,0.476,0.464,0.223,0.245,0.142,0.168,0.241,0.271,49,33,2001-2002,REG,82
Chicago Bulls,0.456,0.497,0.218,0.24,0.156,0.15,0.266,0.286,21,61,2001-2002,REG,82
Cleveland Cavaliers,0.477,0.493,0.232,0.226,0.151,0.136,0.289,0.272,29,53,2001-2002,REG,82
Dallas Mavericks,0.507,0.485,0.232,0.239,0.124,0.146,0.261,0.293,57,25,2001-2002,REG,82
Denver Nuggets,0.455,0.492,0.19,0.245,0.152,0.151,0.306,0.301,27,55,2001-2002,REG,82
Detroit Pistons,0.497,0.474,0.235,0.206,0.154,0.163,0.244,0.295,50,32,2001-2002,REG,82
Golden State Warriors,0.452,0.488,0.242,0.232,0.17,0.145,0.353,0.306,21,61,2001-2002,REG,82
Houston Rockets,0.465,0.491,0.212,0.178,0.146,0.129,0.29,0.302,28,54,2001-2002,REG,82
Indiana Pacers,0.477,0.469,0.253,0.227,0.156,0.147,0.27,0.29,42,40,2001-2002,REG,82
Los Angeles Clippers,0.476,0.477,0.225,0.194,0.155,0.136,0.313,0.301,39,43,2001-2002,REG,82
Los Angeles Lakers,0.498,0.453,0.218,0.233,0.131,0.145,0.288,0.28,58,24,2001-2002,REG,82
Memphis Grizzlies,0.462,0.486,0.204,0.197,0.172,0.154,0.278,0.32,23,59,2001-2002,REG,82
Miami Heat,0.463,0.455,0.194,0.249,0.159,0.148,0.266,0.26,36,46,2001-2002,REG,82
Milwaukee Bucks,0.507,0.477,0.201,0.218,0.148,0.132,0.257,0.291,41,41,2001-2002,REG,82
Minnesota Timberwolves,0.49,0.482,0.203,0.218,0.143,0.139,0.313,0.263,50,32,2001-2002,REG,82
New Jersey Nets,0.476,0.459,0.206,0.213,0.154,0.164,0.292,0.284,52,30,2001-2002,REG,82
Charlotte Hornets,0.466,0.465,0.238,0.226,0.15,0.146,0.306,0.278,44,38,2001-2002,REG,82
New York Knicks,0.468,0.479,0.216,0.236,0.156,0.143,0.256,0.281,30,52,2001-2002,REG,82
Seattle SuperSonics,0.505,0.485,0.189,0.206,0.147,0.164,0.294,0.319,45,37,2001-2002,REG,82
Orlando Magic,0.493,0.486,0.21,0.215,0.141,0.161,0.263,0.308,44,38,2001-2002,REG,82
Philadelphia 76ers,0.452,0.46,0.255,0.208,0.16,0.156,0.317,0.279,43,39,2001-2002,REG,82
Phoenix Suns,0.472,0.476,0.18,0.227,0.154,0.159,0.301,0.298,36,46,2001-2002,REG,82
Portland Trailblazers,0.485,0.489,0.218,0.202,0.151,0.155,0.318,0.267,49,33,2001-2002,REG,82
Sacramento Kings,0.497,0.467,0.231,0.185,0.139,0.152,0.279,0.283,61,21,2001-2002,REG,82
San Antonio Spurs,0.492,0.453,0.262,0.189,0.152,0.151,0.272,0.281,58,24,2001-2002,REG,82
Toronto Raptors,0.463,0.471,0.189,0.237,0.152,0.163,0.314,0.299,42,40,2001-2002,REG,82
Utah Jazz,0.472,0.484,0.291,0.286,0.173,0.177,0.335,0.283,44,38,2001-2002,REG,82
Washington Wizards,0.464,0.484,0.214,0.214,0.137,0.146,0.308,0.286,37,45,2001-2002,REG,82
Boston Celtics,0.469,0.45,0.226,0.253,0.15,0.156,0.25,0.249,9,7,2001-2002,POFF,16
Dallas Mavericks,0.499,0.493,0.24,0.288,0.121,0.144,0.242,0.324,4,4,2001-2002,POFF,8
Detroit Pistons,0.454,0.446,0.22,0.202,0.161,0.169,0.229,0.28,4,6,2001-2002,POFF,10
Indiana Pacers,0.489,0.448,0.226,0.205,0.181,0.156,0.215,0.242,2,3,2001-2002,POFF,5
Los Angeles Lakers,0.482,0.455,0.252,0.231,0.144,0.137,0.291,0.271,15,4,2001-2002,POFF,19
Minnesota Timberwolves,0.475,0.521,0.309,0.277,0.157,0.094,0.303,0.192,0,3,2001-2002,POFF,3
New Jersey Nets,0.457,0.472,0.235,0.277,0.149,0.16,0.275,0.277,11,9,2001-2002,POFF,20
Charlotte Hornets,0.449,0.454,0.289,0.291,0.146,0.14,0.332,0.266,4,5,2001-2002,POFF,9
Seattle SuperSonics,0.46,0.503,0.163,0.263,0.121,0.107,0.266,0.273,2,3,2001-2002,POFF,5
Orlando Magic,0.451,0.445,0.293,0.31,0.123,0.132,0.208,0.341,1,3,2001-2002,POFF,4
Philadelphia 76ers,0.44,0.541,0.329,0.184,0.152,0.153,0.299,0.235,2,3,2001-2002,POFF,5
Portland Trailblazers,0.423,0.487,0.268,0.327,0.154,0.143,0.269,0.226,0,3,2001-2002,POFF,3
Sacramento Kings,0.478,0.46,0.269,0.222,0.15,0.147,0.294,0.304,10,6,2001-2002,POFF,16
San Antonio Spurs,0.465,0.466,0.266,0.175,0.123,0.124,0.266,0.276,4,6,2001-2002,POFF,10
Toronto Raptors,0.444,0.468,0.197,0.281,0.178,0.164,0.321,0.257,2,3,2001-2002,POFF,5
Utah Jazz,0.437,0.436,0.233,0.336,0.17,0.193,0.337,0.309,1,3,2001-2002,POFF,4
Atlanta Hawks,0.476,0.469,0.248,0.222,0.172,0.134,0.279,0.296,35,47,2002-2003,REG,82
Boston Celtics,0.47,0.471,0.227,0.242,0.147,0.167,0.236,0.275,44,38,2002-2003,REG,82
Chicago Bulls,0.471,0.47,0.217,0.263,0.171,0.15,0.277,0.305,30,52,2002-2003,REG,82
Cleveland Cavaliers,0.444,0.484,0.223,0.252,0.183,0.143,0.31,0.268,17,65,2002-2003,REG,82
Dallas Mavericks,0.498,0.473,0.213,0.221,0.119,0.165,0.254,0.291,60,22,2002-2003,REG,82
Denver Nuggets,0.428,0.477,0.198,0.291,0.19,0.179,0.313,0.267,17,65,2002-2003,REG,82
Detroit Pistons,0.473,0.461,0.248,0.225,0.144,0.152,0.259,0.26,50,32,2002-2003,REG,82
Golden State Warriors,0.472,0.482,0.267,0.22,0.16,0.139,0.35,0.321,38,44,2002-2003,REG,82
Houston Rockets,0.474,0.462,0.243,0.209,0.162,0.14,0.303,0.276,43,39,2002-2003,REG,82
Indiana Pacers,0.469,0.458,0.263,0.228,0.151,0.159,0.29,0.277,48,34,2002-2003,REG,82
Los Angeles Clippers,0.467,0.481,0.252,0.222,0.165,0.146,0.291,0.298,27,55,2002-2003,REG,82
Los Angeles Lakers,0.486,0.477,0.228,0.241,0.15,0.148,0.302,0.273,50,32,2002-2003,REG,82
Memphis Grizzlies,0.487,0.491,0.212,0.197,0.158,0.152,0.27,0.314,28,54,2002-2003,REG,82
Miami Heat,0.439,0.47,0.198,0.257,0.151,0.154,0.268,0.261,25,57,2002-2003,REG,82
Milwaukee Bucks,0.5,0.494,0.222,0.237,0.132,0.149,0.256,0.301,42,40,2002-2003,REG,82
Minnesota Timberwolves,0.488,0.472,0.207,0.203,0.144,0.14,0.282,0.272,51,31,2002-2003,REG,82
New Jersey Nets,0.468,0.46,0.252,0.225,0.157,0.172,0.287,0.269,49,33,2002-2003,REG,82
New Orleans Hornets,0.465,0.464,0.219,0.226,0.155,0.156,0.317,0.269,47,35,2002-2003,REG,82
New York Knicks,0.486,0.485,0.196,0.261,0.148,0.151,0.244,0.282,37,45,2002-2003,REG,82
Seattle SuperSonics,0.472,0.484,0.201,0.21,0.141,0.159,0.281,0.282,40,42,2002-2003,REG,82
Orlando Magic,0.478,0.486,0.239,0.25,0.148,0.167,0.27,0.289,42,40,2002-2003,REG,82
Philadelphia 76ers,0.466,0.488,0.263,0.243,0.152,0.178,0.303,0.273,48,34,2002-2003,REG,82
Phoenix Suns,0.473,0.47,0.211,0.222,0.154,0.164,0.297,0.297,44,38,2002-2003,REG,82
Portland Trailblazers,0.489,0.483,0.223,0.194,0.161,0.163,0.302,0.277,50,32,2002-2003,REG,82
Sacramento Kings,0.499,0.446,0.196,0.204,0.148,0.151,0.256,0.294,59,23,2002-2003,REG,82
San Antonio Spurs,0.497,0.453,0.253,0.199,0.169,0.158,0.288,0.287,60,22,2002-2003,REG,82
Toronto Raptors,0.458,0.489,0.203,0.226,0.149,0.146,0.282,0.293,24,58,2002-2003,REG,82
Utah Jazz,0.486,0.468,0.283,0.256,0.177,0.17,0.325,0.298,47,35,2002-2003,REG,82
Washington Wizards,0.46,0.477,0.253,0.212,0.142,0.152,0.273,0.284,37,45,2002-2003,REG,82
Boston Celtics,0.477,0.449,0.243,0.311,0.151,0.157,0.208,0.27,4,6,2002-2003,POFF,10
Dallas Mavericks,0.503,0.494,0.203,0.286,0.127,0.139,0.25,0.296,10,10,2002-2003,POFF,20
Detroit Pistons,0.455,0.459,0.308,0.253,0.143,0.165,0.255,0.294,8,9,2002-2003,POFF,17
Indiana Pacers,0.422,0.492,0.331,0.251,0.148,0.128,0.294,0.208,2,4,2002-2003,POFF,6
Los Angeles Lakers,0.491,0.5,0.222,0.251,0.142,0.138,0.279,0.238,6,6,2002-2003,POFF,12
Milwaukee Bucks,0.499,0.494,0.233,0.306,0.137,0.168,0.21,0.347,2,4,2002-2003,POFF,6
Minnesota Timberwolves,0.492,0.498,0.257,0.211,0.154,0.119,0.226,0.291,2,4,2002-2003,POFF,6
New Jersey Nets,0.453,0.464,0.256,0.252,0.162,0.162,0.309,0.233,14,6,2002-2003,POFF,20
New Orleans Hornets,0.479,0.471,0.244,0.306,0.153,0.155,0.315,0.315,2,4,2002-2003,POFF,6
Orlando Magic,0.459,0.462,0.279,0.328,0.167,0.139,0.247,0.308,3,4,2002-2003,POFF,7
Philadelphia 76ers,0.468,0.473,0.277,0.268,0.162,0.149,0.313,0.277,6,6,2002-2003,POFF,12
Phoenix Suns,0.414,0.438,0.189,0.302,0.168,0.19,0.278,0.326,2,4,2002-2003,POFF,6
Portland Trailblazers,0.501,0.507,0.28,0.228,0.154,0.126,0.363,0.273,3,4,2002-2003,POFF,7
Sacramento Kings,0.499,0.495,0.265,0.216,0.144,0.149,0.293,0.294,7,5,2002-2003,POFF,12
San Antonio Spurs,0.476,0.439,0.284,0.216,0.159,0.158,0.286,0.266,16,8,2002-2003,POFF,24
Utah Jazz,0.446,0.516,0.303,0.272,0.216,0.188,0.354,0.347,1,4,2002-2003,POFF,5
Atlanta Hawks,0.465,0.476,0.235,0.234,0.168,0.143,0.286,0.295,28,54,2003-2004,REG,82
Boston Celtics,0.486,0.479,0.245,0.24,0.168,0.174,0.252,0.305,36,46,2003-2004,REG,82
Chicago Bulls,0.446,0.469,0.197,0.253,0.164,0.156,0.281,0.286,23,59,2003-2004,REG,82
Cleveland Cavaliers,0.451,0.469,0.226,0.221,0.156,0.135,0.311,0.271,35,47,2003-2004,REG,82
Dallas Mavericks,0.495,0.498,0.204,0.214,0.125,0.153,0.314,0.285,52,30,2003-2004,REG,82
Denver Nuggets,0.467,0.481,0.245,0.221,0.156,0.175,0.305,0.307,43,39,2003-2004,REG,82
Detroit Pistons,0.461,0.441,0.247,0.202,0.162,0.166,0.301,0.282,54,28,2003-2004,REG,82
Golden State Warriors,0.475,0.476,0.226,0.211,0.155,0.148,0.284,0.279,37,45,2003-2004,REG,82
Houston Rockets,0.484,0.447,0.221,0.233,0.178,0.144,0.265,0.255,45,37,2003-2004,REG,82
Indiana Pacers,0.471,0.459,0.243,0.218,0.154,0.172,0.285,0.261,61,21,2003-2004,REG,82
Los Angeles Clippers,0.453,0.494,0.275,0.231,0.17,0.142,0.328,0.3,28,54,2003-2004,REG,82
Los Angeles Lakers,0.481,0.471,0.244,0.222,0.144,0.156,0.281,0.267,56,26,2003-2004,REG,82
Memphis Grizzlies,0.479,0.465,0.234,0.251,0.156,0.174,0.295,0.316,50,32,2003-2004,REG,82
Miami Heat,0.463,0.463,0.227,0.26,0.148,0.16,0.274,0.266,42,40,2003-2004,REG,82
Milwaukee Bucks,0.477,0.485,0.255,0.213,0.14,0.147,0.276,0.282,41,41,2003-2004,REG,82
Minnesota Timberwolves,0.486,0.444,0.207,0.215,0.137,0.144,0.267,0.275,58,24,2003-2004,REG,82
New Jersey Nets,0.471,0.46,0.219,0.221,0.157,0.169,0.259,0.261,47,35,2003-2004,REG,82
New Orleans Hornets,0.46,0.476,0.22,0.218,0.156,0.163,0.306,0.287,41,41,2003-2004,REG,82
New York Knicks,0.474,0.461,0.211,0.259,0.168,0.145,0.28,0.272,39,43,2003-2004,REG,82
Seattle SuperSonics,0.501,0.487,0.207,0.237,0.152,0.156,0.272,0.315,37,45,2003-2004,REG,82
Orlando Magic,0.461,0.502,0.218,0.214,0.141,0.141,0.281,0.313,21,61,2003-2004,REG,82
Philadelphia 76ers,0.456,0.467,0.242,0.231,0.165,0.162,0.282,0.293,33,49,2003-2004,REG,82
Phoenix Suns,0.475,0.482,0.209,0.24,0.158,0.162,0.266,0.301,29,53,2003-2004,REG,82
Portland Trailblazers,0.478,0.482,0.195,0.186,0.158,0.148,0.312,0.3,41,41,2003-2004,REG,82
Sacramento Kings,0.507,0.483,0.242,0.193,0.144,0.153,0.261,0.302,55,27,2003-2004,REG,82
San Antonio Spurs,0.473,0.433,0.219,0.215,0.158,0.163,0.295,0.254,57,25,2003-2004,REG,82
Toronto Raptors,0.454,0.449,0.195,0.241,0.151,0.157,0.238,0.299,33,49,2003-2004,REG,82
Utah Jazz,0.456,0.468,0.266,0.319,0.175,0.17,0.341,0.276,42,40,2003-2004,REG,82
Washington Wizards,0.454,0.486,0.241,0.214,0.179,0.166,0.307,0.305,25,57,2003-2004,REG,82
Boston Celtics,0.445,0.501,0.309,0.195,0.207,0.141,0.231,0.278,0,4,2003-2004,POFF,4
Dallas Mavericks,0.422,0.481,0.189,0.204,0.133,0.164,0.367,0.284,1,4,2003-2004,POFF,5
Denver Nuggets,0.452,0.503,0.135,0.253,0.153,0.172,0.317,0.242,1,4,2003-2004,POFF,5
Detroit Pistons,0.439,0.423,0.263,0.227,0.158,0.164,0.302,0.254,16,7,2003-2004,POFF,23
Houston Rockets,0.458,0.458,0.22,0.226,0.176,0.114,0.24,0.223,1,4,2003-2004,POFF,5
Indiana Pacers,0.448,0.422,0.242,0.27,0.151,0.173,0.255,0.256,10,6,2003-2004,POFF,16
Los Angeles Lakers,0.477,0.456,0.229,0.237,0.139,0.155,0.244,0.278,13,9,2003-2004,POFF,22
Memphis Grizzlies,0.45,0.561,0.252,0.233,0.161,0.187,0.238,0.315,0,4,2003-2004,POFF,4
Miami Heat,0.438,0.441,0.246,0.269,0.152,0.176,0.268,0.276,6,7,2003-2004,POFF,13
Milwaukee Bucks,0.447,0.494,0.206,0.24,0.176,0.153,0.258,0.317,1,4,2003-2004,POFF,5
Minnesota Timberwolves,0.479,0.463,0.236,0.211,0.159,0.135,0.242,0.267,10,8,2003-2004,POFF,18
New Jersey Nets,0.454,0.419,0.303,0.245,0.187,0.162,0.265,0.28,7,4,2003-2004,POFF,11
New Orleans Hornets,0.414,0.439,0.234,0.226,0.184,0.152,0.291,0.279,3,4,2003-2004,POFF,7
New York Knicks,0.411,0.505,0.228,0.333,0.166,0.201,0.263,0.261,0,4,2003-2004,POFF,4
Sacramento Kings,0.46,0.447,0.227,0.208,0.146,0.151,0.248,0.307,7,5,2003-2004,POFF,12
San Antonio Spurs,0.485,0.482,0.202,0.256,0.171,0.163,0.301,0.229,6,4,2003-2004,POFF,10
Atlanta Hawks,0.464,0.513,0.212,0.289,0.165,0.154,0.307,0.279,13,69,2004-2005,REG,82
Boston Celtics,0.501,0.481,0.273,0.274,0.163,0.156,0.273,0.299,45,37,2004-2005,REG,82
Charlotte Bobcats,0.455,0.497,0.217,0.269,0.148,0.164,0.295,0.291,18,64,2004-2005,REG,82
Chicago Bulls,0.471,0.454,0.233,0.262,0.173,0.16,0.284,0.274,47,35,2004-2005,REG,82
Cleveland Cavaliers,0.47,0.485,0.244,0.248,0.144,0.156,0.325,0.285,42,40,2004-2005,REG,82
Dallas Mavericks,0.492,0.472,0.273,0.239,0.138,0.158,0.286,0.298,58,24,2004-2005,REG,82
Denver Nuggets,0.483,0.482,0.267,0.247,0.154,0.167,0.284,0.283,49,33,2004-2005,REG,82
Detroit Pistons,0.472,0.461,0.247,0.207,0.148,0.148,0.312,0.27,54,28,2004-2005,REG,82
Golden State Warriors,0.475,0.491,0.201,0.227,0.139,0.155,0.278,0.303,34,48,2004-2005,REG,82
Houston Rockets,0.486,0.459,0.242,0.245,0.146,0.14,0.263,0.255,51,31,2004-2005,REG,82
Indiana Pacers,0.476,0.472,0.283,0.261,0.151,0.152,0.264,0.287,44,38,2004-2005,REG,82
Los Angeles Clippers,0.477,0.48,0.278,0.235,0.162,0.14,0.303,0.287,37,45,2004-2005,REG,82
Los Angeles Lakers,0.485,0.493,0.251,0.218,0.15,0.122,0.295,0.29,34,48,2004-2005,REG,82
Memphis Grizzlies,0.489,0.466,0.243,0.27,0.158,0.169,0.271,0.301,45,37,2004-2005,REG,82
Miami Heat,0.524,0.46,0.26,0.242,0.145,0.134,0.27,0.259,59,23,2004-2005,REG,82
Milwaukee Bucks,0.475,0.499,0.261,0.234,0.145,0.14,0.29,0.28,30,52,2004-2005,REG,82
Minnesota Timberwolves,0.489,0.472,0.219,0.209,0.141,0.124,0.286,0.286,44,38,2004-2005,REG,82
New Jersey Nets,0.463,0.479,0.242,0.278,0.149,0.168,0.255,0.268,42,40,2004-2005,REG,82
New Orleans Hornets,0.446,0.491,0.214,0.261,0.156,0.152,0.291,0.293,18,64,2004-2005,REG,82
New York Knicks,0.485,0.501,0.239,0.265,0.151,0.154,0.283,0.288,33,49,2004-2005,REG,82
Seattle SuperSonics,0.495,0.496,0.259,0.249,0.143,0.145,0.324,0.287,52,30,2004-2005,REG,82
Orlando Magic,0.478,0.484,0.265,0.255,0.164,0.146,0.3,0.287,36,46,2004-2005,REG,82
Philadelphia 76ers,0.475,0.485,0.257,0.267,0.157,0.17,0.255,0.273,43,39,2004-2005,REG,82
Phoenix Suns,0.534,0.478,0.222,0.176,0.139,0.137,0.275,0.317,62,20,2004-2005,REG,82
Portland Trailblazers,0.484,0.479,0.219,0.204,0.168,0.14,0.296,0.323,27,55,2004-2005,REG,82
Sacramento Kings,0.496,0.493,0.226,0.214,0.134,0.15,0.288,0.31,50,32,2004-2005,REG,82
San Antonio Spurs,0.492,0.452,0.238,0.236,0.146,0.162,0.291,0.264,59,23,2004-2005,REG,82
Toronto Raptors,0.492,0.499,0.244,0.24,0.135,0.148,0.237,0.289,33,49,2004-2005,REG,82
Utah Jazz,0.469,0.499,0.273,0.34,0.167,0.157,0.32,0.277,26,56,2004-2005,REG,82
Washington Wizards,0.474,0.498,0.264,0.23,0.147,0.161,0.311,0.3,45,37,2004-2005,REG,82
Boston Celtics,0.475,0.444,0.231,0.359,0.169,0.175,0.262,0.264,3,4,2004-2005,POFF,7
Chicago Bulls,0.472,0.472,0.266,0.321,0.153,0.147,0.3,0.297,2,4,2004-2005,POFF,6
Dallas Mavericks,0.495,0.521,0.293,0.224,0.134,0.147,0.336,0.288,6,7,2004-2005,POFF,13
Denver Nuggets,0.431,0.487,0.285,0.316,0.135,0.149,0.231,0.266,1,4,2004-2005,POFF,5
Detroit Pistons,0.466,0.47,0.212,0.219,0.135,0.16,0.298,0.252,15,10,2004-2005,POFF,25
Houston Rockets,0.513,0.498,0.272,0.316,0.158,0.145,0.278,0.332,3,4,2004-2005,POFF,7
Indiana Pacers,0.434,0.463,0.284,0.235,0.172,0.162,0.264,0.284,6,7,2004-2005,POFF,13
Memphis Grizzlies,0.517,0.57,0.137,0.301,0.107,0.118,0.266,0.275,0,4,2004-2005,POFF,4
Miami Heat,0.533,0.449,0.274,0.242,0.156,0.127,0.226,0.269,11,4,2004-2005,POFF,15
New Jersey Nets,0.432,0.57,0.277,0.316,0.13,0.16,0.265,0.227,0,4,2004-2005,POFF,4
Seattle SuperSonics,0.489,0.493,0.295,0.286,0.143,0.141,0.333,0.308,6,5,2004-2005,POFF,11
Philadelphia 76ers,0.479,0.512,0.183,0.26,0.143,0.17,0.231,0.304,1,4,2004-2005,POFF,5
Phoenix Suns,0.541,0.51,0.211,0.212,0.134,0.121,0.282,0.325,9,6,2004-2005,POFF,15
Sacramento Kings,0.479,0.508,0.227,0.338,0.121,0.139,0.304,0.361,1,4,2004-2005,POFF,5
San Antonio Spurs,0.5,0.471,0.267,0.218,0.157,0.131,0.311,0.286,16,7,2004-2005,POFF,23
Washington Wizards,0.459,0.505,0.298,0.261,0.142,0.161,0.289,0.295,4,6,2004-2005,POFF,10
Atlanta Hawks,0.486,0.513,0.255,0.275,0.165,0.156,0.314,0.305,26,56,2005-2006,REG,82
Boston Celtics,0.504,0.49,0.263,0.282,0.17,0.149,0.256,0.272,33,49,2005-2006,REG,82
Charlotte Bobcats,0.464,0.514,0.233,0.263,0.144,0.184,0.271,0.293,26,56,2005-2006,REG,82
Chicago Bulls,0.487,0.464,0.216,0.295,0.156,0.152,0.263,0.253,41,41,2005-2006,REG,82
Cleveland Cavaliers,0.492,0.49,0.263,0.226,0.149,0.14,0.284,0.243,50,32,2005-2006,REG,82
Dallas Mavericks,0.495,0.475,0.285,0.257,0.145,0.15,0.318,0.278,60,22,2005-2006,REG,82
Denver Nuggets,0.488,0.493,0.258,0.227,0.152,0.162,0.268,0.28,44,38,2005-2006,REG,82
Detroit Pistons,0.497,0.477,0.216,0.192,0.123,0.152,0.289,0.288,64,18,2005-2006,REG,82
Golden State Warriors,0.479,0.492,0.232,0.243,0.144,0.157,0.269,0.284,34,48,2005-2006,REG,82
Houston Rockets,0.471,0.472,0.24,0.247,0.154,0.142,0.255,0.254,34,48,2005-2006,REG,82
Indiana Pacers,0.487,0.464,0.254,0.232,0.163,0.144,0.271,0.275,41,41,2005-2006,REG,82
Los Angeles Clippers,0.487,0.471,0.263,0.24,0.15,0.132,0.254,0.241,47,35,2005-2006,REG,82
Los Angeles Lakers,0.495,0.486,0.245,0.242,0.146,0.146,0.288,0.264,45,37,2005-2006,REG,82
Memphis Grizzlies,0.496,0.469,0.241,0.237,0.148,0.161,0.258,0.28,49,33,2005-2006,REG,82
Miami Heat,0.517,0.477,0.254,0.252,0.152,0.133,0.267,0.236,52,30,2005-2006,REG,82
Milwaukee Bucks,0.492,0.504,0.238,0.262,0.152,0.152,0.273,0.254,40,42,2005-2006,REG,82
Minnesota Timberwolves,0.48,0.475,0.227,0.236,0.154,0.147,0.252,0.287,33,49,2005-2006,REG,82
New Jersey Nets,0.478,0.476,0.263,0.266,0.144,0.151,0.24,0.237,49,33,2005-2006,REG,82
New Orleans Hornets,0.464,0.502,0.257,0.243,0.139,0.157,0.269,0.266,38,44,2005-2006,REG,82
New York Knicks,0.481,0.511,0.303,0.294,0.185,0.147,0.312,0.272,23,59,2005-2006,REG,82
Seattle SuperSonics,0.504,0.527,0.246,0.26,0.152,0.149,0.304,0.31,35,47,2005-2006,REG,82
Orlando Magic,0.496,0.49,0.27,0.264,0.162,0.144,0.285,0.275,36,46,2005-2006,REG,82
Philadelphia 76ers,0.487,0.5,0.27,0.24,0.145,0.156,0.256,0.287,38,44,2005-2006,REG,82
Phoenix Suns,0.537,0.49,0.166,0.2,0.132,0.147,0.222,0.28,54,28,2005-2006,REG,82
Portland Trailblazers,0.474,0.507,0.214,0.232,0.156,0.142,0.266,0.318,21,61,2005-2006,REG,82
Sacramento Kings,0.492,0.488,0.262,0.21,0.151,0.152,0.254,0.278,44,38,2005-2006,REG,82
San Antonio Spurs,0.513,0.457,0.209,0.22,0.149,0.149,0.26,0.258,63,19,2005-2006,REG,82
Toronto Raptors,0.5,0.53,0.249,0.263,0.135,0.147,0.254,0.267,27,55,2005-2006,REG,82
Utah Jazz,0.467,0.49,0.286,0.303,0.166,0.155,0.324,0.268,41,41,2005-2006,REG,82
Washington Wizards,0.484,0.504,0.284,0.256,0.144,0.167,0.295,0.291,42,40,2005-2006,REG,82
Chicago Bulls,0.497,0.514,0.295,0.261,0.163,0.168,0.216,0.268,2,4,2005-2006,POFF,6
Cleveland Cavaliers,0.465,0.48,0.246,0.284,0.156,0.141,0.307,0.279,7,6,2005-2006,POFF,13
Dallas Mavericks,0.481,0.506,0.283,0.28,0.135,0.152,0.292,0.223,14,9,2005-2006,POFF,23
Denver Nuggets,0.397,0.493,0.224,0.297,0.128,0.185,0.292,0.232,1,4,2005-2006,POFF,5
Detroit Pistons,0.478,0.494,0.277,0.225,0.128,0.158,0.279,0.274,10,8,2005-2006,POFF,18
Indiana Pacers,0.491,0.479,0.289,0.279,0.171,0.128,0.232,0.266,2,4,2005-2006,POFF,6
Los Angeles Clippers,0.519,0.479,0.27,0.216,0.159,0.115,0.286,0.241,7,5,2005-2006,POFF,12
Los Angeles Lakers,0.497,0.543,0.217,0.251,0.154,0.12,0.268,0.153,3,4,2005-2006,POFF,7
Memphis Grizzlies,0.479,0.487,0.308,0.306,0.187,0.141,0.22,0.346,0,4,2005-2006,POFF,4
Miami Heat,0.525,0.47,0.28,0.265,0.168,0.148,0.246,0.234,16,7,2005-2006,POFF,23
Milwaukee Bucks,0.504,0.544,0.21,0.338,0.138,0.115,0.266,0.294,1,4,2005-2006,POFF,5
New Jersey Nets,0.487,0.517,0.267,0.313,0.138,0.16,0.249,0.224,5,6,2005-2006,POFF,11
Phoenix Suns,0.538,0.507,0.216,0.237,0.117,0.139,0.19,0.303,10,10,2005-2006,POFF,20
Sacramento Kings,0.477,0.566,0.292,0.296,0.141,0.142,0.29,0.25,2,4,2005-2006,POFF,6
San Antonio Spurs,0.533,0.486,0.326,0.312,0.138,0.134,0.227,0.289,7,6,2005-2006,POFF,13
Washington Wizards,0.488,0.489,0.316,0.268,0.136,0.155,0.267,0.317,2,4,2005-2006,POFF,6
Atlanta Hawks,0.471,0.503,0.263,0.268,0.168,0.161,0.292,0.291,30,52,2006-2007,REG,82
Boston Celtics,0.479,0.502,0.259,0.28,0.169,0.158,0.271,0.262,24,58,2006-2007,REG,82
Charlotte Bobcats,0.48,0.5,0.236,0.279,0.154,0.163,0.264,0.284,33,49,2006-2007,REG,82
Chicago Bulls,0.493,0.473,0.229,0.252,0.164,0.177,0.286,0.257,49,33,2006-2007,REG,82
Cleveland Cavaliers,0.484,0.48,0.223,0.243,0.151,0.16,0.297,0.242,50,32,2006-2007,REG,82
Dallas Mavericks,0.509,0.477,0.256,0.265,0.146,0.154,0.287,0.25,67,15,2006-2007,REG,82
Denver Nuggets,0.501,0.499,0.269,0.203,0.166,0.16,0.289,0.282,45,37,2006-2007,REG,82
Detroit Pistons,0.488,0.477,0.237,0.234,0.133,0.158,0.283,0.291,53,29,2006-2007,REG,82
Golden State Warriors,0.512,0.506,0.215,0.264,0.158,0.18,0.256,0.304,42,40,2006-2007,REG,82
Houston Rockets,0.499,0.466,0.22,0.23,0.149,0.149,0.257,0.23,52,30,2006-2007,REG,82
Indiana Pacers,0.474,0.491,0.246,0.271,0.171,0.162,0.284,0.273,35,47,2006-2007,REG,82
Los Angeles Clippers,0.481,0.488,0.28,0.249,0.159,0.144,0.272,0.253,40,42,2006-2007,REG,82
Los Angeles Lakers,0.511,0.5,0.249,0.262,0.158,0.15,0.261,0.277,42,40,2006-2007,REG,82
Memphis Grizzlies,0.504,0.529,0.285,0.237,0.166,0.155,0.259,0.289,22,60,2006-2007,REG,82
Miami Heat,0.506,0.485,0.222,0.232,0.154,0.151,0.249,0.267,44,38,2006-2007,REG,82
Milwaukee Bucks,0.504,0.522,0.209,0.234,0.156,0.163,0.276,0.319,28,54,2006-2007,REG,82
Minnesota Timberwolves,0.49,0.498,0.231,0.226,0.162,0.147,0.252,0.279,32,50,2006-2007,REG,82
New Jersey Nets,0.504,0.49,0.246,0.266,0.153,0.15,0.246,0.256,41,41,2006-2007,REG,82
New Orleans Hornets,0.479,0.499,0.215,0.212,0.15,0.144,0.291,0.254,39,43,2006-2007,REG,82
New York Knicks,0.494,0.504,0.27,0.246,0.176,0.145,0.31,0.26,33,49,2006-2007,REG,82
Orlando Magic,0.5,0.48,0.276,0.286,0.181,0.158,0.293,0.264,40,42,2006-2007,REG,82
Philadelphia 76ers,0.48,0.501,0.256,0.221,0.161,0.163,0.272,0.292,35,47,2006-2007,REG,82
Phoenix Suns,0.552,0.492,0.215,0.206,0.146,0.152,0.227,0.281,61,21,2006-2007,REG,82
Portland Trailblazers,0.483,0.508,0.241,0.267,0.16,0.149,0.282,0.27,32,50,2006-2007,REG,82
Sacramento Kings,0.491,0.513,0.29,0.24,0.148,0.166,0.231,0.275,33,49,2006-2007,REG,82
San Antonio Spurs,0.521,0.471,0.235,0.201,0.148,0.154,0.242,0.243,58,24,2006-2007,REG,82
Seattle SuperSonics,0.499,0.515,0.228,0.243,0.157,0.155,0.278,0.291,31,51,2006-2007,REG,82
Toronto Raptors,0.504,0.503,0.239,0.219,0.139,0.156,0.222,0.255,47,35,2006-2007,REG,82
Utah Jazz,0.502,0.496,0.283,0.314,0.163,0.159,0.317,0.249,51,31,2006-2007,REG,82
Washington Wizards,0.491,0.517,0.272,0.249,0.139,0.16,0.281,0.29,41,41,2006-2007,REG,82
Chicago Bulls,0.469,0.475,0.284,0.225,0.16,0.153,0.285,0.27,6,4,2006-2007,POFF,10
Cleveland Cavaliers,0.456,0.464,0.252,0.233,0.142,0.153,0.286,0.234,12,8,2006-2007,POFF,20
Dallas Mavericks,0.466,0.53,0.287,0.272,0.159,0.161,0.319,0.281,2,4,2006-2007,POFF,6
Denver Nuggets,0.452,0.493,0.207,0.149,0.167,0.128,0.316,0.283,1,4,2006-2007,POFF,5
Detroit Pistons,0.468,0.462,0.266,0.275,0.146,0.158,0.287,0.291,10,6,2006-2007,POFF,16
Golden State Warriors,0.518,0.493,0.277,0.307,0.154,0.189,0.255,0.362,5,6,2006-2007,POFF,11
Houston Rockets,0.46,0.467,0.286,0.194,0.162,0.131,0.243,0.25,3,4,2006-2007,POFF,7
Los Angeles Lakers,0.479,0.528,0.181,0.225,0.157,0.126,0.314,0.251,1,4,2006-2007,POFF,5
Miami Heat,0.482,0.505,0.224,0.257,0.16,0.149,0.196,0.257,0,4,2006-2007,POFF,4
New Jersey Nets,0.497,0.463,0.236,0.257,0.173,0.153,0.218,0.236,6,6,2006-2007,POFF,12
Orlando Magic,0.495,0.495,0.228,0.33,0.165,0.112,0.283,0.288,0,4,2006-2007,POFF,4
Phoenix Suns,0.52,0.492,0.232,0.213,0.142,0.153,0.234,0.284,6,5,2006-2007,POFF,11
San Antonio Spurs,0.508,0.471,0.229,0.228,0.149,0.155,0.265,0.276,16,4,2006-2007,POFF,20
Toronto Raptors,0.478,0.521,0.279,0.235,0.157,0.171,0.191,0.238,2,4,2006-2007,POFF,6
Utah Jazz,0.486,0.498,0.262,0.294,0.168,0.157,0.314,0.239,9,8,2006-2007,POFF,17
Washington Wizards,0.45,0.49,0.202,0.326,0.099,0.14,0.219,0.323,0,4,2006-2007,POFF,4
Atlanta Hawks,0.483,0.501,0.263,0.217,0.155,0.143,0.297,0.283,37,45,2007-2008,REG,82
Boston Celtics,0.522,0.457,0.267,0.253,0.158,0.168,0.266,0.256,66,16,2007-2008,REG,82
Charlotte Bobcats,0.492,0.505,0.23,0.235,0.15,0.149,0.256,0.291,32,50,2007-2008,REG,82
Chicago Bulls,0.47,0.496,0.223,0.258,0.151,0.157,0.289,0.27,33,49,2007-2008,REG,82
Cleveland Cavaliers,0.48,0.494,0.221,0.24,0.145,0.141,0.304,0.241,45,37,2007-2008,REG,82
Dallas Mavericks,0.502,0.474,0.259,0.252,0.134,0.128,0.267,0.25,51,31,2007-2008,REG,82
Denver Nuggets,0.51,0.499,0.269,0.203,0.144,0.156,0.255,0.279,50,32,2007-2008,REG,82
Detroit Pistons,0.495,0.47,0.23,0.244,0.127,0.146,0.294,0.263,59,23,2007-2008,REG,82
Golden State Warriors,0.511,0.509,0.208,0.258,0.131,0.163,0.272,0.297,48,34,2007-2008,REG,82
Houston Rockets,0.492,0.465,0.2,0.214,0.145,0.143,0.291,0.252,55,27,2007-2008,REG,82
Indiana Pacers,0.498,0.498,0.224,0.271,0.15,0.154,0.244,0.261,36,46,2007-2008,REG,82
Los Angeles Clippers,0.465,0.503,0.264,0.236,0.148,0.143,0.231,0.269,23,59,2007-2008,REG,82
Los Angeles Lakers,0.525,0.485,0.256,0.214,0.142,0.143,0.263,0.266,57,25,2007-2008,REG,82
Memphis Grizzlies,0.5,0.521,0.225,0.196,0.155,0.135,0.238,0.266,22,60,2007-2008,REG,82
Miami Heat,0.482,0.51,0.218,0.246,0.155,0.148,0.221,0.281,15,67,2007-2008,REG,82
Milwaukee Bucks,0.482,0.524,0.215,0.25,0.155,0.143,0.3,0.27,26,56,2007-2008,REG,82
Minnesota Timberwolves,0.484,0.513,0.183,0.269,0.152,0.141,0.275,0.264,22,60,2007-2008,REG,82
New Jersey Nets,0.481,0.497,0.255,0.271,0.156,0.139,0.266,0.262,34,48,2007-2008,REG,82
New Orleans Hornets,0.512,0.501,0.193,0.184,0.125,0.147,0.27,0.246,56,26,2007-2008,REG,82
New York Knicks,0.475,0.518,0.226,0.229,0.149,0.133,0.286,0.273,23,59,2007-2008,REG,82
Seattle SuperSonics,0.467,0.503,0.204,0.215,0.158,0.13,0.268,0.263,20,62,2007-2008,REG,82
Orlando Magic,0.537,0.484,0.256,0.217,0.148,0.136,0.234,0.252,52,30,2007-2008,REG,82
Philadelphia 76ers,0.482,0.504,0.227,0.205,0.15,0.165,0.318,0.28,40,42,2007-2008,REG,82
Phoenix Suns,0.551,0.488,0.228,0.191,0.144,0.132,0.224,0.291,55,27,2007-2008,REG,82
Portland Trailblazers,0.489,0.491,0.216,0.212,0.137,0.136,0.268,0.282,41,41,2007-2008,REG,82
Sacramento Kings,0.503,0.51,0.276,0.256,0.161,0.154,0.252,0.283,38,44,2007-2008,REG,82
San Antonio Spurs,0.504,0.477,0.21,0.201,0.135,0.139,0.234,0.229,56,26,2007-2008,REG,82
Toronto Raptors,0.511,0.505,0.2,0.205,0.123,0.147,0.234,0.25,41,41,2007-2008,REG,82
Utah Jazz,0.528,0.501,0.265,0.294,0.153,0.165,0.295,0.259,54,28,2007-2008,REG,82
Washington Wizards,0.489,0.513,0.233,0.217,0.139,0.148,0.289,0.272,43,39,2007-2008,REG,82
Atlanta Hawks,0.439,0.504,0.345,0.206,0.174,0.115,0.305,0.327,3,4,2007-2008,POFF,7
Boston Celtics,0.487,0.463,0.277,0.313,0.142,0.153,0.295,0.254,16,10,2007-2008,POFF,26
Cleveland Cavaliers,0.465,0.46,0.285,0.285,0.149,0.144,0.291,0.248,7,6,2007-2008,POFF,13
Dallas Mavericks,0.447,0.527,0.3,0.206,0.119,0.085,0.317,0.245,1,4,2007-2008,POFF,5
Denver Nuggets,0.452,0.536,0.243,0.24,0.148,0.11,0.346,0.259,0,4,2007-2008,POFF,4
Detroit Pistons,0.485,0.478,0.257,0.275,0.137,0.167,0.277,0.313,10,7,2007-2008,POFF,17
Houston Rockets,0.446,0.482,0.227,0.231,0.122,0.143,0.298,0.307,2,4,2007-2008,POFF,6
Los Angeles Lakers,0.512,0.477,0.279,0.255,0.138,0.138,0.222,0.289,14,7,2007-2008,POFF,21
New Orleans Hornets,0.499,0.483,0.193,0.235,0.095,0.134,0.242,0.268,7,5,2007-2008,POFF,12
Orlando Magic,0.529,0.464,0.229,0.226,0.165,0.095,0.29,0.25,5,5,2007-2008,POFF,10
Philadelphia 76ers,0.43,0.523,0.29,0.189,0.165,0.185,0.339,0.33,2,4,2007-2008,POFF,6
Phoenix Suns,0.492,0.493,0.235,0.216,0.12,0.135,0.219,0.237,1,4,2007-2008,POFF,5
San Antonio Spurs,0.493,0.486,0.194,0.197,0.137,0.117,0.214,0.224,9,8,2007-2008,POFF,17
Toronto Raptors,0.484,0.533,0.194,0.26,0.105,0.151,0.231,0.303,1,4,2007-2008,POFF,5
Utah Jazz,0.481,0.49,0.248,0.314,0.139,0.136,0.334,0.263,6,6,2007-2008,POFF,12
Washington Wizards,0.466,0.485,0.295,0.265,0.132,0.148,0.234,0.322,2,4,2007-2008,POFF,6
Atlanta Hawks,0.505,0.494,0.238,0.21,0.137,0.144,0.26,0.284,47,35,2008-2009,REG,82
Boston Celtics,0.528,0.47,0.251,0.253,0.165,0.152,0.279,0.244,62,20,2008-2009,REG,82
Charlotte Bobcats,0.494,0.498,0.231,0.23,0.167,0.158,0.277,0.27,35,47,2008-2009,REG,82
Chicago Bulls,0.493,0.493,0.239,0.238,0.147,0.146,0.28,0.291,41,41,2008-2009,REG,82
Cleveland Cavaliers,0.519,0.468,0.236,0.226,0.135,0.15,0.277,0.254,66,16,2008-2009,REG,82
Dallas Mavericks,0.504,0.493,0.224,0.225,0.133,0.135,0.266,0.254,50,32,2008-2009,REG,82
Denver Nuggets,0.512,0.485,0.291,0.259,0.159,0.156,0.275,0.283,54,28,2008-2009,REG,82
Detroit Pistons,0.483,0.485,0.212,0.248,0.128,0.128,0.279,0.26,39,43,2008-2009,REG,82
Golden State Warriors,0.497,0.508,0.268,0.251,0.143,0.146,0.261,0.319,29,53,2008-2009,REG,82
Houston Rockets,0.501,0.479,0.235,0.192,0.147,0.131,0.264,0.247,53,29,2008-2009,REG,82
Indiana Pacers,0.501,0.499,0.215,0.271,0.144,0.138,0.254,0.255,36,46,2008-2009,REG,82
Los Angeles Clippers,0.481,0.512,0.202,0.227,0.153,0.138,0.251,0.288,19,63,2008-2009,REG,82
Los Angeles Lakers,0.513,0.49,0.23,0.213,0.139,0.156,0.294,0.27,65,17,2008-2009,REG,82
Memphis Grizzlies,0.486,0.515,0.249,0.247,0.157,0.154,0.258,0.265,24,58,2008-2009,REG,82
Miami Heat,0.5,0.501,0.212,0.251,0.131,0.161,0.246,0.271,43,39,2008-2009,REG,82
Milwaukee Bucks,0.483,0.503,0.239,0.315,0.146,0.168,0.278,0.26,34,48,2008-2009,REG,82
Minnesota Timberwolves,0.481,0.515,0.222,0.254,0.147,0.132,0.278,0.25,24,58,2008-2009,REG,82
New Jersey Nets,0.497,0.509,0.236,0.272,0.137,0.142,0.252,0.265,34,48,2008-2009,REG,82
New Orleans Hornets,0.501,0.496,0.232,0.23,0.133,0.143,0.246,0.251,49,33,2008-2009,REG,82
New York Knicks,0.503,0.52,0.21,0.215,0.143,0.143,0.244,0.273,32,50,2008-2009,REG,82
Oklahoma City Thunder,0.471,0.514,0.242,0.216,0.164,0.143,0.286,0.262,23,59,2008-2009,REG,82
Orlando Magic,0.52,0.465,0.251,0.209,0.147,0.135,0.24,0.241,59,23,2008-2009,REG,82
Philadelphia 76ers,0.485,0.507,0.253,0.216,0.149,0.165,0.313,0.286,41,41,2008-2009,REG,82
Phoenix Suns,0.545,0.511,0.25,0.233,0.161,0.141,0.277,0.283,46,36,2008-2009,REG,82
Portland Trailblazers,0.511,0.499,0.234,0.227,0.139,0.145,0.326,0.25,54,28,2008-2009,REG,82
Sacramento Kings,0.491,0.526,0.252,0.269,0.155,0.144,0.245,0.301,17,65,2008-2009,REG,82
San Antonio Spurs,0.513,0.487,0.191,0.191,0.125,0.127,0.221,0.22,54,28,2008-2009,REG,82
Toronto Raptors,0.494,0.511,0.23,0.202,0.139,0.138,0.24,0.263,33,49,2008-2009,REG,82
Utah Jazz,0.504,0.505,0.274,0.262,0.152,0.166,0.282,0.273,48,34,2008-2009,REG,82
Washington Wizards,0.48,0.533,0.225,0.227,0.148,0.147,0.277,0.286,19,63,2008-2009,REG,82
Atlanta Hawks,0.45,0.514,0.241,0.263,0.135,0.151,0.261,0.302,4,7,2008-2009,POFF,11
Boston Celtics,0.485,0.493,0.245,0.265,0.132,0.143,0.251,0.222,7,7,2008-2009,POFF,14
Chicago Bulls,0.483,0.495,0.277,0.243,0.149,0.125,0.243,0.268,3,4,2008-2009,POFF,7
Cleveland Cavaliers,0.507,0.48,0.284,0.23,0.131,0.138,0.277,0.217,10,4,2008-2009,POFF,14
Dallas Mavericks,0.518,0.525,0.305,0.271,0.135,0.12,0.247,0.226,5,5,2008-2009,POFF,10
Denver Nuggets,0.526,0.493,0.324,0.326,0.127,0.157,0.264,0.253,10,6,2008-2009,POFF,16
Detroit Pistons,0.429,0.498,0.156,0.349,0.135,0.126,0.197,0.268,0,4,2008-2009,POFF,4
Houston Rockets,0.49,0.487,0.221,0.21,0.15,0.129,0.248,0.263,7,6,2008-2009,POFF,13
Los Angeles Lakers,0.508,0.471,0.255,0.27,0.136,0.15,0.271,0.262,16,7,2008-2009,POFF,23
Miami Heat,0.501,0.464,0.265,0.261,0.15,0.133,0.252,0.269,3,4,2008-2009,POFF,7
New Orleans Hornets,0.439,0.563,0.322,0.29,0.189,0.134,0.224,0.265,1,4,2008-2009,POFF,5
Orlando Magic,0.513,0.488,0.26,0.232,0.141,0.133,0.216,0.228,13,11,2008-2009,POFF,24
Philadelphia 76ers,0.492,0.514,0.196,0.237,0.155,0.139,0.213,0.258,2,4,2008-2009,POFF,6
Portland Trailblazers,0.484,0.517,0.201,0.222,0.128,0.132,0.237,0.239,2,4,2008-2009,POFF,6
San Antonio Spurs,0.495,0.516,0.191,0.274,0.126,0.125,0.213,0.234,1,4,2008-2009,POFF,5
Utah Jazz,0.463,0.546,0.277,0.271,0.149,0.165,0.304,0.265,1,4,2008-2009,POFF,5
Atlanta Hawks,0.506,0.496,0.214,0.208,0.127,0.145,0.282,0.273,53,29,2009-2010,REG,82
Boston Celtics,0.522,0.487,0.248,0.251,0.154,0.164,0.229,0.262,50,32,2009-2010,REG,82
Charlotte Bobcats,0.49,0.491,0.26,0.194,0.164,0.161,0.265,0.259,44,38,2009-2010,REG,82
Chicago Bulls,0.477,0.484,0.217,0.212,0.146,0.135,0.266,0.252,41,41,2009-2010,REG,82
Cleveland Cavaliers,0.532,0.482,0.246,0.218,0.143,0.133,0.251,0.228,61,21,2009-2010,REG,82
Dallas Mavericks,0.506,0.495,0.226,0.206,0.133,0.148,0.243,0.263,55,27,2009-2010,REG,82
Denver Nuggets,0.509,0.495,0.29,0.251,0.143,0.15,0.261,0.276,53,29,2009-2010,REG,82
Detroit Pistons,0.474,0.526,0.22,0.264,0.142,0.154,0.303,0.266,27,55,2009-2010,REG,82
Golden State Warriors,0.514,0.525,0.23,0.261,0.142,0.17,0.21,0.315,26,56,2009-2010,REG,82
Houston Rockets,0.494,0.511,0.226,0.215,0.146,0.15,0.27,0.262,42,40,2009-2010,REG,82
Indiana Pacers,0.491,0.49,0.229,0.258,0.147,0.147,0.216,0.27,32,50,2009-2010,REG,82
Los Angeles Clippers,0.491,0.509,0.206,0.214,0.162,0.134,0.271,0.26,29,53,2009-2010,REG,82
Los Angeles Lakers,0.496,0.484,0.221,0.195,0.14,0.144,0.277,0.256,57,25,2009-2010,REG,82
Memphis Grizzlies,0.494,0.52,0.235,0.205,0.154,0.146,0.313,0.267,40,42,2009-2010,REG,82
Miami Heat,0.496,0.48,0.223,0.246,0.137,0.152,0.261,0.251,47,35,2009-2010,REG,82
Milwaukee Bucks,0.482,0.486,0.181,0.266,0.137,0.158,0.262,0.236,46,36,2009-2010,REG,82
Minnesota Timberwolves,0.478,0.525,0.207,0.22,0.162,0.142,0.267,0.264,15,67,2009-2010,REG,82
New Jersey Nets,0.458,0.517,0.24,0.229,0.147,0.145,0.251,0.282,12,70,2009-2010,REG,82
New Orleans Hornets,0.506,0.523,0.189,0.206,0.137,0.148,0.248,0.262,37,45,2009-2010,REG,82
New York Knicks,0.509,0.526,0.2,0.207,0.142,0.147,0.235,0.279,29,53,2009-2010,REG,82
Oklahoma City Thunder,0.494,0.483,0.268,0.229,0.152,0.154,0.286,0.264,50,32,2009-2010,REG,82
Orlando Magic,0.536,0.477,0.246,0.205,0.149,0.131,0.246,0.226,59,23,2009-2010,REG,82
Philadelphia 76ers,0.496,0.518,0.204,0.231,0.15,0.149,0.276,0.268,27,55,2009-2010,REG,82
Phoenix Suns,0.546,0.491,0.24,0.224,0.148,0.131,0.276,0.292,54,28,2009-2010,REG,82
Portland Trailblazers,0.499,0.502,0.249,0.22,0.131,0.145,0.282,0.252,50,32,2009-2010,REG,82
Sacramento Kings,0.491,0.505,0.207,0.244,0.15,0.139,0.278,0.265,25,57,2009-2010,REG,82
San Antonio Spurs,0.515,0.483,0.219,0.214,0.142,0.132,0.268,0.237,50,32,2009-2010,REG,82
Toronto Raptors,0.521,0.513,0.244,0.247,0.139,0.129,0.247,0.271,40,42,2009-2010,REG,82
Utah Jazz,0.524,0.492,0.252,0.269,0.156,0.154,0.269,0.244,53,29,2009-2010,REG,82
Washington Wizards,0.481,0.502,0.216,0.239,0.153,0.139,0.276,0.276,26,56,2009-2010,REG,82
Atlanta Hawks,0.453,0.515,0.217,0.224,0.121,0.131,0.298,0.276,4,7,2009-2010,POFF,11
Boston Celtics,0.491,0.473,0.258,0.285,0.147,0.165,0.231,0.254,15,9,2009-2010,POFF,24
Charlotte Bobcats,0.477,0.522,0.259,0.335,0.168,0.14,0.23,0.248,0,4,2009-2010,POFF,4
Chicago Bulls,0.457,0.558,0.211,0.249,0.101,0.142,0.25,0.23,1,4,2009-2010,POFF,5
Cleveland Cavaliers,0.517,0.481,0.311,0.24,0.156,0.121,0.221,0.243,6,5,2009-2010,POFF,11
Dallas Mavericks,0.468,0.486,0.233,0.224,0.134,0.14,0.281,0.26,2,4,2009-2010,POFF,6
Denver Nuggets,0.517,0.548,0.359,0.358,0.139,0.144,0.258,0.231,2,4,2009-2010,POFF,6
Los Angeles Lakers,0.502,0.475,0.241,0.277,0.133,0.132,0.31,0.276,16,7,2009-2010,POFF,23
Miami Heat,0.479,0.523,0.176,0.266,0.178,0.162,0.226,0.208,1,4,2009-2010,POFF,5
Milwaukee Bucks,0.465,0.482,0.201,0.201,0.133,0.129,0.279,0.331,3,4,2009-2010,POFF,7
Oklahoma City Thunder,0.426,0.488,0.344,0.196,0.125,0.139,0.267,0.264,2,4,2009-2010,POFF,6
Orlando Magic,0.533,0.458,0.299,0.27,0.152,0.139,0.248,0.227,10,4,2009-2010,POFF,14
Phoenix Suns,0.536,0.512,0.273,0.242,0.133,0.125,0.274,0.274,10,6,2009-2010,POFF,16
Portland Trailblazers,0.471,0.536,0.269,0.247,0.123,0.137,0.265,0.29,2,4,2009-2010,POFF,6
San Antonio Spurs,0.494,0.499,0.236,0.245,0.138,0.137,0.241,0.264,4,6,2009-2010,POFF,10
Utah Jazz,0.52,0.522,0.307,0.328,0.136,0.135,0.265,0.29,4,6,2009-2010,POFF,10
Atlanta Hawks,0.501,0.495,0.209,0.211,0.143,0.134,0.235,0.254,44,38,2010-2011,REG,82
Boston Celtics,0.519,0.469,0.235,0.235,0.15,0.161,0.211,0.253,56,26,2010-2011,REG,82
Charlotte Bobcats,0.482,0.5,0.237,0.229,0.153,0.14,0.257,0.248,34,48,2010-2011,REG,82
Chicago Bulls,0.501,0.463,0.227,0.222,0.149,0.148,0.294,0.238,62,20,2010-2011,REG,82
Cleveland Cavaliers,0.472,0.524,0.233,0.211,0.148,0.14,0.242,0.267,19,63,2010-2011,REG,82
Dallas Mavericks,0.525,0.488,0.222,0.206,0.148,0.143,0.241,0.252,57,25,2010-2011,REG,82
Denver Nuggets,0.526,0.5,0.281,0.224,0.145,0.138,0.239,0.246,50,32,2010-2011,REG,82
Detroit Pistons,0.495,0.526,0.206,0.235,0.137,0.152,0.274,0.279,30,52,2010-2011,REG,82
Golden State Warriors,0.51,0.509,0.183,0.259,0.148,0.161,0.267,0.307,36,46,2010-2011,REG,82
Houston Rockets,0.503,0.5,0.239,0.219,0.135,0.14,0.274,0.273,43,39,2010-2011,REG,82
Indiana Pacers,0.486,0.487,0.235,0.237,0.156,0.141,0.259,0.26,37,45,2010-2011,REG,82
Los Angeles Clippers,0.496,0.499,0.235,0.25,0.167,0.14,0.284,0.268,32,50,2010-2011,REG,82
Los Angeles Lakers,0.502,0.477,0.228,0.181,0.138,0.143,0.292,0.277,57,25,2010-2011,REG,82
Memphis Grizzlies,0.493,0.502,0.219,0.228,0.146,0.172,0.289,0.275,46,36,2010-2011,REG,82
Miami Heat,0.524,0.475,0.279,0.223,0.146,0.137,0.252,0.245,58,24,2010-2011,REG,82
Milwaukee Bucks,0.467,0.481,0.218,0.236,0.139,0.162,0.247,0.252,35,47,2010-2011,REG,82
Minnesota Timberwolves,0.483,0.514,0.217,0.251,0.171,0.143,0.296,0.263,17,65,2010-2011,REG,82
New Jersey Nets,0.474,0.503,0.215,0.241,0.143,0.13,0.261,0.258,24,58,2010-2011,REG,82
New Orleans Hornets,0.493,0.501,0.226,0.22,0.137,0.154,0.251,0.238,46,36,2010-2011,REG,82
New York Knicks,0.513,0.511,0.246,0.24,0.14,0.149,0.243,0.281,42,40,2010-2011,REG,82
Oklahoma City Thunder,0.501,0.493,0.299,0.228,0.143,0.142,0.274,0.264,55,27,2010-2011,REG,82
Orlando Magic,0.521,0.475,0.227,0.219,0.158,0.142,0.261,0.231,52,30,2010-2011,REG,82
Philadelphia 76ers,0.494,0.487,0.21,0.231,0.132,0.146,0.246,0.255,41,41,2010-2011,REG,82
Phoenix Suns,0.522,0.513,0.215,0.211,0.142,0.144,0.237,0.284,40,42,2010-2011,REG,82
Portland Trailblazers,0.486,0.51,0.224,0.231,0.141,0.17,0.295,0.28,48,34,2010-2011,REG,82
Sacramento Kings,0.48,0.513,0.209,0.233,0.164,0.147,0.299,0.256,24,58,2010-2011,REG,82
San Antonio Spurs,0.527,0.491,0.23,0.19,0.139,0.14,0.25,0.254,61,21,2010-2011,REG,82
Toronto Raptors,0.491,0.522,0.221,0.251,0.151,0.144,0.282,0.28,22,60,2010-2011,REG,82
Utah Jazz,0.498,0.505,0.241,0.275,0.148,0.152,0.27,0.284,39,43,2010-2011,REG,82
Washington Wizards,0.471,0.512,0.216,0.249,0.156,0.158,0.28,0.295,23,59,2010-2011,REG,82
Atlanta Hawks,0.464,0.47,0.21,0.233,0.132,0.136,0.229,0.294,6,6,2010-2011,POFF,12
Boston Celtics,0.514,0.466,0.204,0.276,0.162,0.155,0.236,0.279,5,4,2010-2011,POFF,9
Chicago Bulls,0.461,0.462,0.226,0.256,0.145,0.148,0.323,0.239,9,7,2010-2011,POFF,16
Dallas Mavericks,0.519,0.482,0.274,0.245,0.144,0.145,0.251,0.283,16,5,2010-2011,POFF,21
Denver Nuggets,0.468,0.468,0.33,0.343,0.127,0.135,0.172,0.292,1,4,2010-2011,POFF,5
Indiana Pacers,0.445,0.461,0.234,0.291,0.154,0.173,0.292,0.368,1,4,2010-2011,POFF,5
Los Angeles Lakers,0.477,0.524,0.244,0.245,0.142,0.147,0.308,0.212,4,6,2010-2011,POFF,10
Memphis Grizzlies,0.46,0.482,0.255,0.289,0.133,0.16,0.281,0.278,7,6,2010-2011,POFF,13
Miami Heat,0.485,0.475,0.295,0.215,0.147,0.139,0.26,0.246,14,7,2010-2011,POFF,21
New Orleans Hornets,0.488,0.5,0.267,0.295,0.144,0.147,0.212,0.323,2,4,2010-2011,POFF,6
New York Knicks,0.435,0.52,0.223,0.174,0.161,0.169,0.307,0.307,0,4,2010-2011,POFF,4
Oklahoma City Thunder,0.482,0.46,0.321,0.305,0.159,0.129,0.313,0.256,9,8,2010-2011,POFF,17
Orlando Magic,0.449,0.465,0.27,0.205,0.145,0.134,0.289,0.234,2,4,2010-2011,POFF,6
Philadelphia 76ers,0.453,0.462,0.154,0.303,0.108,0.124,0.239,0.309,1,4,2010-2011,POFF,5
Portland Trailblazers,0.487,0.507,0.23,0.253,0.126,0.14,0.244,0.285,2,4,2010-2011,POFF,6
San Antonio Spurs,0.471,0.498,0.281,0.238,0.152,0.14,0.236,0.232,2,4,2010-2011,POFF,6
Atlanta Hawks,0.5,0.48,0.192,0.186,0.145,0.157,0.239,0.256,40,26,2011-2012,REG,66
Boston Celtics,0.496,0.452,0.2,0.216,0.155,0.162,0.197,0.276,39,27,2011-2012,REG,66
Charlotte Bobcats,0.439,0.512,0.206,0.206,0.15,0.143,0.236,0.291,7,59,2011-2012,REG,66
Chicago Bulls,0.49,0.45,0.184,0.175,0.151,0.14,0.326,0.257,50,16,2011-2012,REG,66
Cleveland Cavaliers,0.463,0.508,0.22,0.202,0.159,0.145,0.289,0.278,21,45,2011-2012,REG,66
Dallas Mavericks,0.489,0.479,0.19,0.203,0.146,0.151,0.234,0.252,36,30,2011-2012,REG,66
Denver Nuggets,0.516,0.508,0.239,0.185,0.158,0.157,0.277,0.258,38,28,2011-2012,REG,66
Detroit Pistons,0.468,0.5,0.21,0.226,0.163,0.153,0.281,0.272,25,41,2011-2012,REG,66
Golden State Warriors,0.505,0.496,0.175,0.237,0.145,0.154,0.229,0.309,23,43,2011-2012,REG,66
Houston Rockets,0.492,0.49,0.184,0.21,0.149,0.151,0.275,0.266,34,32,2011-2012,REG,66
Indiana Pacers,0.474,0.476,0.251,0.222,0.145,0.157,0.293,0.277,42,24,2011-2012,REG,66
Los Angeles Clippers,0.502,0.492,0.195,0.245,0.138,0.157,0.295,0.268,40,26,2011-2012,REG,66
Los Angeles Lakers,0.491,0.476,0.226,0.158,0.159,0.119,0.291,0.252,41,25,2011-2012,REG,66
Memphis Grizzlies,0.473,0.485,0.211,0.227,0.153,0.179,0.298,0.273,41,25,2011-2012,REG,66
Miami Heat,0.505,0.479,0.238,0.201,0.16,0.172,0.266,0.261,46,20,2011-2012,REG,66
Milwaukee Bucks,0.481,0.489,0.194,0.217,0.146,0.165,0.277,0.291,31,35,2011-2012,REG,66
Minnesota Timberwolves,0.477,0.491,0.236,0.187,0.157,0.137,0.276,0.27,26,40,2011-2012,REG,66
New Jersey Nets,0.473,0.513,0.209,0.209,0.158,0.153,0.278,0.293,22,44,2011-2012,REG,66
New Orleans Hornets,0.476,0.485,0.207,0.218,0.165,0.149,0.275,0.269,21,45,2011-2012,REG,66
New York Knicks,0.492,0.485,0.227,0.224,0.164,0.174,0.267,0.263,36,30,2011-2012,REG,66
Oklahoma City Thunder,0.516,0.465,0.269,0.207,0.17,0.144,0.278,0.279,47,19,2011-2012,REG,66
Orlando Magic,0.504,0.487,0.195,0.191,0.158,0.143,0.264,0.247,36,29,2011-2012,REG,65
Philadelphia 76ers,0.478,0.458,0.162,0.194,0.12,0.147,0.246,0.247,35,30,2011-2012,REG,65
Phoenix Suns,0.499,0.491,0.194,0.2,0.147,0.146,0.258,0.283,33,33,2011-2012,REG,66
Portland Trailblazers,0.488,0.504,0.209,0.199,0.15,0.154,0.263,0.273,28,38,2011-2012,REG,66
Sacramento Kings,0.472,0.515,0.197,0.199,0.146,0.156,0.291,0.295,22,44,2011-2012,REG,66
San Antonio Spurs,0.528,0.489,0.195,0.168,0.142,0.141,0.251,0.24,50,16,2011-2012,REG,66
Toronto Raptors,0.475,0.475,0.211,0.26,0.162,0.14,0.259,0.246,23,43,2011-2012,REG,66
Utah Jazz,0.481,0.493,0.227,0.245,0.146,0.152,0.302,0.262,36,30,2011-2012,REG,66
Washington Wizards,0.472,0.492,0.184,0.229,0.157,0.158,0.273,0.291,20,46,2011-2012,REG,66
Atlanta Hawks,0.438,0.461,0.16,0.211,0.166,0.13,0.226,0.177,2,4,2011-2012,POFF,6
Boston Celtics,0.468,0.464,0.224,0.203,0.137,0.149,0.201,0.249,11,9,2011-2012,POFF,20
Chicago Bulls,0.448,0.428,0.149,0.248,0.156,0.105,0.269,0.218,2,4,2011-2012,POFF,6
Dallas Mavericks,0.455,0.52,0.285,0.265,0.154,0.139,0.247,0.195,0,4,2011-2012,POFF,4
Denver Nuggets,0.46,0.461,0.163,0.186,0.119,0.127,0.33,0.333,3,4,2011-2012,POFF,7
Indiana Pacers,0.461,0.469,0.223,0.217,0.157,0.147,0.298,0.248,6,5,2011-2012,POFF,11
Los Angeles Clippers,0.499,0.491,0.21,0.268,0.169,0.179,0.222,0.29,4,7,2011-2012,POFF,11
Los Angeles Lakers,0.454,0.474,0.221,0.2,0.133,0.111,0.31,0.303,5,7,2011-2012,POFF,12
Memphis Grizzlies,0.449,0.493,0.3,0.244,0.164,0.159,0.326,0.241,3,4,2011-2012,POFF,7
Miami Heat,0.505,0.466,0.271,0.229,0.139,0.153,0.262,0.26,16,7,2011-2012,POFF,23
New York Knicks,0.451,0.511,0.226,0.315,0.197,0.146,0.301,0.259,1,4,2011-2012,POFF,5
Oklahoma City Thunder,0.508,0.491,0.251,0.262,0.122,0.147,0.236,0.253,13,7,2011-2012,POFF,20
Orlando Magic,0.452,0.48,0.172,0.196,0.154,0.142,0.226,0.316,1,4,2011-2012,POFF,5
Philadelphia 76ers,0.436,0.459,0.225,0.198,0.126,0.153,0.239,0.232,7,6,2011-2012,POFF,13
San Antonio Spurs,0.541,0.48,0.212,0.216,0.162,0.147,0.218,0.252,10,4,2011-2012,POFF,14
Utah Jazz,0.395,0.533,0.216,0.213,0.142,0.122,0.32,0.193,0,4,2011-2012,POFF,4
Atlanta Hawks,0.517,0.496,0.174,0.181,0.153,0.156,0.222,0.264,44,38,2012-2013,REG,82
Brooklyn Nets,0.498,0.503,0.219,0.174,0.155,0.145,0.31,0.263,49,33,2012-2013,REG,82
Boston Celtics,0.503,0.482,0.204,0.216,0.149,0.155,0.201,0.268,41,40,2012-2013,REG,81
Charlotte Bobcats,0.46,0.524,0.233,0.197,0.143,0.148,0.257,0.289,21,61,2012-2013,REG,82
Chicago Bulls,0.47,0.477,0.201,0.206,0.152,0.146,0.294,0.264,45,37,2012-2013,REG,82
Cleveland Cavaliers,0.473,0.523,0.2,0.225,0.145,0.16,0.282,0.274,24,58,2012-2013,REG,82
Dallas Mavericks,0.506,0.492,0.192,0.227,0.142,0.147,0.218,0.27,41,41,2012-2013,REG,82
Denver Nuggets,0.515,0.493,0.216,0.193,0.154,0.158,0.314,0.282,57,25,2012-2013,REG,82
Detroit Pistons,0.487,0.505,0.197,0.209,0.16,0.144,0.283,0.27,29,53,2012-2013,REG,82
Golden State Warriors,0.506,0.486,0.202,0.211,0.156,0.136,0.254,0.245,47,35,2012-2013,REG,82
Houston Rockets,0.525,0.502,0.232,0.196,0.164,0.148,0.264,0.248,45,37,2012-2013,REG,82
Indiana Pacers,0.479,0.453,0.219,0.197,0.161,0.144,0.303,0.254,49,32,2012-2013,REG,81
Los Angeles Clippers,0.526,0.492,0.203,0.229,0.152,0.17,0.288,0.265,56,26,2012-2013,REG,82
Los Angeles Lakers,0.512,0.496,0.239,0.163,0.155,0.131,0.27,0.257,45,37,2012-2013,REG,82
Memphis Grizzlies,0.472,0.475,0.202,0.209,0.148,0.166,0.31,0.257,56,26,2012-2013,REG,82
Miami Heat,0.552,0.487,0.224,0.2,0.146,0.162,0.222,0.27,66,16,2012-2013,REG,82
Milwaukee Bucks,0.476,0.492,0.174,0.201,0.143,0.161,0.279,0.287,38,44,2012-2013,REG,82
Minnesota Timberwolves,0.473,0.511,0.226,0.187,0.152,0.165,0.274,0.261,31,51,2012-2013,REG,82
New Orleans Hornets,0.489,0.52,0.193,0.208,0.154,0.144,0.292,0.256,27,55,2012-2013,REG,82
New York Knicks,0.515,0.508,0.196,0.217,0.129,0.162,0.256,0.253,54,28,2012-2013,REG,82
Oklahoma City Thunder,0.527,0.469,0.28,0.197,0.155,0.151,0.267,0.266,60,22,2012-2013,REG,82
Orlando Magic,0.485,0.508,0.149,0.195,0.152,0.131,0.254,0.254,20,62,2012-2013,REG,82
Philadelphia 76ers,0.481,0.495,0.146,0.2,0.138,0.151,0.249,0.266,34,48,2012-2013,REG,82
Phoenix Suns,0.477,0.512,0.174,0.208,0.159,0.157,0.27,0.281,25,57,2012-2013,REG,82
Portland Trailblazers,0.498,0.512,0.194,0.189,0.154,0.138,0.253,0.267,33,49,2012-2013,REG,82
Sacramento Kings,0.491,0.517,0.208,0.227,0.149,0.15,0.266,0.29,28,54,2012-2013,REG,82
San Antonio Spurs,0.531,0.48,0.205,0.179,0.148,0.15,0.205,0.251,58,24,2012-2013,REG,82
Toronto Raptors,0.488,0.5,0.216,0.247,0.145,0.15,0.255,0.266,34,48,2012-2013,REG,82
Utah Jazz,0.492,0.501,0.215,0.226,0.155,0.154,0.288,0.268,43,39,2012-2013,REG,82
Washington Wizards,0.476,0.483,0.191,0.206,0.158,0.15,0.246,0.254,29,53,2012-2013,REG,82
Atlanta Hawks,0.462,0.455,0.231,0.284,0.131,0.164,0.186,0.3,2,4,2012-2013,POFF,6
Brooklyn Nets,0.479,0.497,0.23,0.171,0.121,0.134,0.274,0.26,3,4,2012-2013,POFF,7
Boston Celtics,0.463,0.462,0.268,0.171,0.184,0.138,0.14,0.237,2,4,2012-2013,POFF,6
Chicago Bulls,0.472,0.501,0.207,0.255,0.15,0.132,0.284,0.255,5,7,2012-2013,POFF,12
Denver Nuggets,0.479,0.554,0.255,0.209,0.147,0.184,0.263,0.272,2,4,2012-2013,POFF,6
Golden State Warriors,0.513,0.483,0.19,0.234,0.165,0.134,0.275,0.25,6,6,2012-2013,POFF,12
Houston Rockets,0.496,0.511,0.243,0.258,0.161,0.13,0.248,0.228,2,4,2012-2013,POFF,6
Indiana Pacers,0.475,0.473,0.284,0.222,0.177,0.125,0.324,0.232,11,8,2012-2013,POFF,19
Los Angeles Clippers,0.506,0.486,0.246,0.344,0.143,0.114,0.243,0.267,2,4,2012-2013,POFF,6
Los Angeles Lakers,0.474,0.527,0.144,0.185,0.179,0.107,0.202,0.217,0,4,2012-2013,POFF,4
Memphis Grizzlies,0.447,0.493,0.267,0.219,0.113,0.148,0.272,0.226,8,7,2012-2013,POFF,15
Miami Heat,0.518,0.48,0.232,0.237,0.143,0.17,0.252,0.289,16,7,2012-2013,POFF,23
Milwaukee Bucks,0.472,0.544,0.166,0.255,0.176,0.182,0.211,0.293,0,4,2012-2013,POFF,4
New York Knicks,0.46,0.47,0.174,0.276,0.126,0.184,0.242,0.235,6,6,2012-2013,POFF,12
Oklahoma City Thunder,0.479,0.468,0.247,0.254,0.139,0.136,0.23,0.24,5,6,2012-2013,POFF,11
San Antonio Spurs,0.511,0.475,0.199,0.162,0.133,0.144,0.233,0.262,15,6,2012-2013,POFF,21
Atlanta Hawks,0.515,0.51,0.208,0.196,0.153,0.153,0.21,0.256,38,44,2013-2014,REG,82
Brooklyn Nets,0.514,0.509,0.236,0.236,0.152,0.163,0.218,0.277,44,38,2013-2014,REG,82
Boston Celtics,0.477,0.505,0.193,0.227,0.154,0.147,0.274,0.258,25,57,2013-2014,REG,82
Charlotte Bobcats,0.481,0.491,0.219,0.183,0.126,0.138,0.219,0.224,43,39,2013-2014,REG,82
Chicago Bulls,0.471,0.471,0.226,0.189,0.154,0.151,0.272,0.246,48,34,2013-2014,REG,82
Cleveland Cavaliers,0.479,0.508,0.201,0.199,0.144,0.142,0.272,0.242,33,49,2013-2014,REG,82
Dallas Mavericks,0.526,0.515,0.201,0.229,0.14,0.163,0.246,0.273,49,33,2013-2014,REG,82
Denver Nuggets,0.497,0.5,0.222,0.233,0.157,0.142,0.275,0.255,36,46,2013-2014,REG,82
Detroit Pistons,0.482,0.52,0.199,0.218,0.147,0.152,0.314,0.266,29,53,2013-2014,REG,82
Golden State Warriors,0.517,0.477,0.186,0.224,0.154,0.149,0.251,0.238,51,31,2013-2014,REG,82
Houston Rockets,0.531,0.489,0.275,0.193,0.159,0.138,0.274,0.259,54,28,2013-2014,REG,82
Indiana Pacers,0.49,0.46,0.226,0.197,0.157,0.143,0.249,0.232,56,26,2013-2014,REG,82
Los Angeles Clippers,0.526,0.484,0.258,0.222,0.139,0.153,0.25,0.275,57,25,2013-2014,REG,82
Los Angeles Lakers,0.505,0.513,0.199,0.192,0.15,0.138,0.202,0.29,27,55,2013-2014,REG,82
Memphis Grizzlies,0.495,0.497,0.184,0.199,0.144,0.152,0.283,0.243,50,32,2013-2014,REG,82
Miami Heat,0.554,0.511,0.228,0.212,0.155,0.17,0.206,0.27,54,28,2013-2014,REG,82
Milwaukee Bucks,0.479,0.52,0.204,0.225,0.154,0.147,0.271,0.286,15,67,2013-2014,REG,82
Minnesota Timberwolves,0.486,0.518,0.249,0.177,0.138,0.163,0.274,0.255,40,42,2013-2014,REG,82
New Orleans Pelicans,0.495,0.515,0.22,0.249,0.14,0.15,0.269,0.262,34,48,2013-2014,REG,82
New York Knicks,0.505,0.514,0.189,0.245,0.136,0.152,0.251,0.257,37,45,2013-2014,REG,82
Oklahoma City Thunder,0.52,0.488,0.244,0.221,0.155,0.151,0.265,0.245,59,23,2013-2014,REG,82
Orlando Magic,0.487,0.504,0.193,0.211,0.15,0.143,0.224,0.245,23,59,2013-2014,REG,82
Philadelphia 76ers,0.475,0.524,0.191,0.244,0.165,0.164,0.248,0.276,19,63,2013-2014,REG,82
Phoenix Suns,0.519,0.496,0.222,0.237,0.155,0.153,0.264,0.263,48,34,2013-2014,REG,82
Portland Trailblazers,0.504,0.488,0.22,0.194,0.14,0.122,0.28,0.253,54,28,2013-2014,REG,82
Sacramento Kings,0.484,0.512,0.251,0.234,0.155,0.14,0.278,0.234,28,54,2013-2014,REG,82
San Antonio Spurs,0.537,0.482,0.188,0.184,0.148,0.14,0.227,0.236,62,20,2013-2014,REG,82
Toronto Raptors,0.498,0.493,0.239,0.237,0.145,0.154,0.272,0.251,48,34,2013-2014,REG,82
Utah Jazz,0.484,0.518,0.202,0.227,0.153,0.133,0.255,0.255,25,57,2013-2014,REG,82
Washington Wizards,0.506,0.504,0.181,0.22,0.149,0.163,0.252,0.243,44,38,2013-2014,REG,82
Atlanta Hawks,0.456,0.5,0.261,0.22,0.141,0.152,0.205,0.238,3,4,2013-2014,POFF,7
Brooklyn Nets,0.514,0.516,0.243,0.306,0.134,0.138,0.251,0.23,5,7,2013-2014,POFF,12
Charlotte Bobcats,0.5,0.539,0.223,0.26,0.156,0.106,0.208,0.143,0,4,2013-2014,POFF,4
Chicago Bulls,0.463,0.479,0.219,0.225,0.144,0.116,0.279,0.278,1,4,2013-2014,POFF,5
Dallas Mavericks,0.5,0.542,0.166,0.245,0.118,0.14,0.264,0.234,3,4,2013-2014,POFF,7
Golden State Warriors,0.518,0.528,0.244,0.289,0.177,0.147,0.308,0.281,3,4,2013-2014,POFF,7
Houston Rockets,0.49,0.507,0.242,0.258,0.132,0.119,0.353,0.272,2,4,2013-2014,POFF,6
Indiana Pacers,0.5,0.493,0.228,0.218,0.144,0.145,0.211,0.23,10,9,2013-2014,POFF,19
Los Angeles Clippers,0.514,0.521,0.244,0.272,0.131,0.168,0.263,0.296,6,7,2013-2014,POFF,13
Memphis Grizzlies,0.442,0.483,0.214,0.263,0.112,0.16,0.27,0.31,3,4,2013-2014,POFF,7
Miami Heat,0.555,0.539,0.238,0.22,0.131,0.151,0.171,0.247,13,7,2013-2014,POFF,20
Oklahoma City Thunder,0.496,0.485,0.268,0.212,0.155,0.118,0.271,0.258,10,9,2013-2014,POFF,19
Portland Trailblazers,0.482,0.508,0.224,0.209,0.139,0.113,0.261,0.295,5,6,2013-2014,POFF,11
San Antonio Spurs,0.546,0.492,0.223,0.197,0.129,0.146,0.236,0.228,16,7,2013-2014,POFF,23
Toronto Raptors,0.486,0.506,0.326,0.291,0.157,0.126,0.268,0.23,3,4,2013-2014,POFF,7
Washington Wizards,0.468,0.471,0.198,0.227,0.139,0.136,0.279,0.203,6,5,2013-2014,POFF,11
Atlanta Hawks,0.527,0.492,0.201,0.185,0.144,0.164,0.214,0.266,60,22,2014-2015,REG,82
Brooklyn Nets,0.491,0.506,0.2,0.185,0.143,0.139,0.239,0.263,38,44,2014-2015,REG,82
Boston Celtics,0.489,0.494,0.176,0.208,0.138,0.151,0.247,0.25,40,42,2014-2015,REG,82
Charlotte Hornets,0.456,0.487,0.202,0.188,0.12,0.129,0.221,0.207,33,49,2014-2015,REG,82
Chicago Bulls,0.489,0.473,0.238,0.182,0.141,0.125,0.27,0.257,50,32,2014-2015,REG,82
Cleveland Cavaliers,0.52,0.502,0.216,0.177,0.147,0.137,0.268,0.253,53,29,2014-2015,REG,82
Dallas Mavericks,0.515,0.503,0.197,0.204,0.131,0.162,0.236,0.278,50,32,2014-2015,REG,82
Denver Nuggets,0.479,0.504,0.204,0.239,0.143,0.142,0.266,0.253,30,52,2014-2015,REG,82
Detroit Pistons,0.482,0.502,0.184,0.193,0.136,0.144,0.277,0.25,32,50,2014-2015,REG,82
Golden State Warriors,0.54,0.469,0.184,0.217,0.146,0.16,0.241,0.256,67,15,2014-2015,REG,82
Houston Rockets,0.512,0.486,0.223,0.208,0.167,0.162,0.268,0.271,56,26,2014-2015,REG,82
Indiana Pacers,0.484,0.478,0.201,0.217,0.143,0.13,0.241,0.221,38,44,2014-2015,REG,82
Los Angeles Clippers,0.533,0.493,0.215,0.231,0.125,0.144,0.228,0.243,56,26,2014-2015,REG,82
Los Angeles Lakers,0.473,0.518,0.204,0.231,0.133,0.131,0.254,0.238,21,61,2014-2015,REG,82
Memphis Grizzlies,0.489,0.492,0.214,0.183,0.142,0.16,0.247,0.247,55,27,2014-2015,REG,82
Miami Heat,0.499,0.505,0.226,0.214,0.151,0.153,0.231,0.268,37,45,2014-2015,REG,82
Milwaukee Bucks,0.499,0.487,0.195,0.221,0.168,0.175,0.254,0.267,41,41,2014-2015,REG,82
Minnesota Timberwolves,0.468,0.537,0.24,0.187,0.151,0.155,0.266,0.284,16,66,2014-2015,REG,82
New Orleans Pelicans,0.501,0.496,0.198,0.195,0.139,0.13,0.271,0.249,45,37,2014-2015,REG,82
New York Knicks,0.47,0.512,0.181,0.233,0.148,0.143,0.246,0.268,17,65,2014-2015,REG,82
Oklahoma City Thunder,0.492,0.489,0.214,0.213,0.148,0.136,0.289,0.244,45,37,2014-2015,REG,82
Orlando Magic,0.494,0.514,0.168,0.21,0.155,0.15,0.231,0.24,25,57,2014-2015,REG,82
Philadelphia 76ers,0.459,0.497,0.194,0.225,0.176,0.166,0.256,0.27,18,64,2014-2015,REG,82
Phoenix Suns,0.501,0.497,0.191,0.221,0.15,0.154,0.245,0.265,39,43,2014-2015,REG,82
Portland Trailblazers,0.508,0.476,0.181,0.182,0.14,0.123,0.242,0.238,51,31,2014-2015,REG,82
Sacramento Kings,0.49,0.507,0.276,0.2,0.167,0.134,0.265,0.248,29,53,2014-2015,REG,82
San Antonio Spurs,0.517,0.484,0.2,0.191,0.142,0.143,0.234,0.227,55,27,2014-2015,REG,82
Toronto Raptors,0.508,0.506,0.232,0.208,0.134,0.151,0.256,0.267,49,33,2014-2015,REG,82
Utah Jazz,0.494,0.492,0.214,0.198,0.158,0.139,0.29,0.237,38,44,2014-2015,REG,82
Washington Wizards,0.499,0.481,0.192,0.21,0.152,0.141,0.249,0.227,46,36,2014-2015,REG,82
Atlanta Hawks,0.484,0.486,0.178,0.184,0.185,0.203,0.216,0.253,8,8,2014-2015,POFF,16
Brooklyn Nets,0.486,0.505,0.186,0.161,0.148,0.132,0.21,0.222,2,4,2014-2015,POFF,6
Boston Celtics,0.453,0.498,0.239,0.303,0.144,0.131,0.222,0.281,0,4,2014-2015,POFF,4
Chicago Bulls,0.474,0.452,0.199,0.198,0.138,0.13,0.268,0.257,6,6,2014-2015,POFF,12
Cleveland Cavaliers,0.479,0.467,0.24,0.209,0.141,0.132,0.281,0.225,14,6,2014-2015,POFF,20
Dallas Mavericks,0.493,0.52,0.209,0.291,0.134,0.137,0.281,0.249,1,4,2014-2015,POFF,5
Golden State Warriors,0.522,0.463,0.185,0.228,0.142,0.132,0.257,0.252,16,5,2014-2015,POFF,21
Houston Rockets,0.513,0.514,0.292,0.213,0.138,0.128,0.243,0.25,9,8,2014-2015,POFF,17
Los Angeles Clippers,0.515,0.505,0.241,0.25,0.126,0.138,0.213,0.25,7,7,2014-2015,POFF,14
Memphis Grizzlies,0.451,0.501,0.225,0.192,0.114,0.155,0.237,0.228,6,5,2014-2015,POFF,11
Milwaukee Bucks,0.419,0.504,0.166,0.2,0.135,0.171,0.239,0.265,2,4,2014-2015,POFF,6
New Orleans Pelicans,0.49,0.516,0.213,0.211,0.136,0.125,0.253,0.309,0,4,2014-2015,POFF,4
Portland Trailblazers,0.455,0.465,0.213,0.254,0.122,0.084,0.222,0.219,1,4,2014-2015,POFF,5
San Antonio Spurs,0.505,0.509,0.203,0.224,0.125,0.122,0.249,0.214,3,4,2014-2015,POFF,7
Toronto Raptors,0.459,0.547,0.173,0.25,0.122,0.141,0.19,0.27,0,4,2014-2015,POFF,4
Washington Wizards,0.497,0.47,0.202,0.177,0.203,0.193,0.268,0.228,6,4,2014-2015,POFF,10
Atlanta Hawks,0.516,0.48,0.185,0.193,0.149,0.159,0.191,0.254,48,34,2015-2016,REG,82
Brooklyn Nets,0.491,0.534,0.186,0.176,0.15,0.142,0.241,0.243,21,61,2015-2016,REG,82
Boston Celtics,0.488,0.487,0.208,0.231,0.136,0.16,0.251,0.255,48,34,2015-2016,REG,82
Charlotte Hornets,0.502,0.496,0.222,0.191,0.124,0.137,0.2,0.202,48,34,2015-2016,REG,82
Chicago Bulls,0.487,0.485,0.189,0.182,0.138,0.117,0.245,0.251,42,40,2015-2016,REG,82
Cleveland Cavaliers,0.524,0.496,0.194,0.205,0.138,0.137,0.251,0.215,57,25,2015-2016,REG,82
Dallas Mavericks,0.502,0.504,0.211,0.198,0.129,0.14,0.207,0.238,42,40,2015-2016,REG,82
Denver Nuggets,0.489,0.515,0.216,0.216,0.148,0.137,0.258,0.228,33,49,2015-2016,REG,82
Detroit Pistons,0.491,0.504,0.197,0.196,0.136,0.135,0.27,0.207,44,38,2015-2016,REG,82
Golden State Warriors,0.563,0.479,0.191,0.208,0.149,0.138,0.235,0.24,73,9,2015-2016,REG,82
Houston Rockets,0.516,0.516,0.244,0.219,0.156,0.161,0.257,0.272,41,41,2015-2016,REG,82
Indiana Pacers,0.497,0.489,0.205,0.205,0.147,0.156,0.234,0.24,45,37,2015-2016,REG,82
Los Angeles Clippers,0.524,0.48,0.22,0.222,0.129,0.153,0.202,0.262,53,29,2015-2016,REG,82
Los Angeles Lakers,0.46,0.523,0.228,0.202,0.136,0.127,0.232,0.253,17,65,2015-2016,REG,82
Memphis Grizzlies,0.477,0.518,0.231,0.251,0.136,0.165,0.253,0.25,42,40,2015-2016,REG,82
Miami Heat,0.508,0.485,0.21,0.196,0.141,0.131,0.238,0.222,48,34,2015-2016,REG,82
Milwaukee Bucks,0.499,0.51,0.206,0.221,0.155,0.156,0.25,0.269,33,49,2015-2016,REG,82
Minnesota Timberwolves,0.498,0.524,0.263,0.2,0.15,0.148,0.243,0.254,29,53,2015-2016,REG,82
New Orleans Pelicans,0.498,0.523,0.201,0.225,0.134,0.136,0.212,0.212,30,52,2015-2016,REG,82
New York Knicks,0.483,0.487,0.205,0.204,0.135,0.115,0.237,0.242,32,50,2015-2016,REG,82
Oklahoma City Thunder,0.524,0.484,0.228,0.205,0.159,0.129,0.311,0.241,55,27,2015-2016,REG,82
Orlando Magic,0.5,0.513,0.175,0.215,0.141,0.15,0.231,0.235,35,47,2015-2016,REG,82
Philadelphia 76ers,0.487,0.51,0.186,0.24,0.159,0.148,0.207,0.26,10,72,2015-2016,REG,82
Phoenix Suns,0.487,0.523,0.204,0.237,0.169,0.146,0.254,0.23,23,59,2015-2016,REG,82
Portland Trailblazers,0.511,0.503,0.202,0.225,0.146,0.133,0.259,0.238,44,38,2015-2016,REG,82
Sacramento Kings,0.51,0.521,0.214,0.202,0.155,0.156,0.239,0.251,33,49,2015-2016,REG,82
San Antonio Spurs,0.526,0.477,0.197,0.182,0.134,0.153,0.23,0.209,67,15,2015-2016,REG,82
Toronto Raptors,0.504,0.498,0.255,0.201,0.131,0.139,0.246,0.223,56,26,2015-2016,REG,82
Utah Jazz,0.501,0.495,0.213,0.21,0.155,0.145,0.259,0.223,40,42,2015-2016,REG,82
Washington Wizards,0.511,0.515,0.192,0.218,0.142,0.159,0.206,0.223,41,41,2015-2016,REG,82
Atlanta Hawks,0.494,0.487,0.192,0.175,0.142,0.141,0.207,0.25,4,6,2015-2016,POFF,10
Boston Celtics,0.432,0.48,0.184,0.191,0.145,0.14,0.215,0.194,2,4,2015-2016,POFF,6
Charlotte Hornets,0.432,0.517,0.259,0.186,0.091,0.126,0.159,0.241,3,4,2015-2016,POFF,7
Cleveland Cavaliers,0.544,0.51,0.193,0.189,0.135,0.145,0.268,0.21,16,5,2015-2016,POFF,21
Dallas Mavericks,0.474,0.537,0.207,0.278,0.123,0.14,0.215,0.343,1,4,2015-2016,POFF,5
Detroit Pistons,0.537,0.546,0.189,0.147,0.111,0.091,0.184,0.245,0,4,2015-2016,POFF,4
Golden State Warriors,0.529,0.484,0.206,0.23,0.147,0.157,0.24,0.276,14,9,2015-2016,POFF,23
Houston Rockets,0.43,0.552,0.206,0.199,0.19,0.135,0.299,0.229,1,4,2015-2016,POFF,5
Indiana Pacers,0.495,0.437,0.262,0.246,0.152,0.145,0.235,0.328,3,4,2015-2016,POFF,7
Los Angeles Clippers,0.471,0.467,0.216,0.193,0.097,0.131,0.235,0.287,2,4,2015-2016,POFF,6
Memphis Grizzlies,0.423,0.554,0.151,0.247,0.168,0.137,0.288,0.229,0,4,2015-2016,POFF,4
Miami Heat,0.5,0.451,0.202,0.242,0.134,0.105,0.23,0.195,7,7,2015-2016,POFF,14
Oklahoma City Thunder,0.506,0.497,0.263,0.198,0.146,0.125,0.296,0.212,11,6,2015-2016,POFF,17
Portland Trailblazers,0.483,0.507,0.212,0.22,0.128,0.111,0.266,0.245,5,6,2015-2016,POFF,11
San Antonio Spurs,0.519,0.467,0.199,0.208,0.114,0.158,0.203,0.283,6,4,2015-2016,POFF,10
Toronto Raptors,0.463,0.514,0.222,0.237,0.133,0.142,0.251,0.228,10,10,2015-2016,POFF,20
Atlanta Hawks,0.493,0.502,0.262,0.227,0.159,0.128,0.264,0.227,2,4,2016-2017,POFF,6
Boston Celtics,0.532,0.531,0.187,0.227,0.139,0.142,0.222,0.285,9,9,2016-2017,POFF,18
Chicago Bulls,0.483,0.534,0.204,0.163,0.152,0.128,0.296,0.215,2,4,2016-2017,POFF,6
Cleveland Cavaliers,0.577,0.517,0.247,0.185,0.133,0.133,0.232,0.234,13,4,2016-2017,POFF,17
Golden State Warriors,0.565,0.48,0.237,0.215,0.138,0.134,0.219,0.231,15,1,2016-2017,POFF,16
Houston Rockets,0.514,0.502,0.24,0.187,0.136,0.126,0.227,0.283,6,5,2016-2017,POFF,11
Indiana Pacers,0.53,0.565,0.19,0.233,0.131,0.133,0.283,0.248,0,4,2016-2017,POFF,4
Los Angeles Clippers,0.526,0.542,0.217,0.223,0.131,0.12,0.199,0.18,3,4,2016-2017,POFF,7
Memphis Grizzlies,0.51,0.545,0.229,0.266,0.122,0.121,0.203,0.261,2,4,2016-2017,POFF,6
Milwaukee Bucks,0.503,0.494,0.186,0.279,0.145,0.149,0.191,0.194,2,4,2016-2017,POFF,6
Oklahoma City Thunder,0.49,0.513,0.213,0.32,0.129,0.139,0.26,0.252,1,4,2016-2017,POFF,5
Portland Trailblazers,0.458,0.556,0.218,0.258,0.147,0.125,0.206,0.191,0,4,2016-2017,POFF,4
San Antonio Spurs,0.512,0.539,0.214,0.208,0.127,0.142,0.291,0.215,8,8,2016-2017,POFF,16
Toronto Raptors,0.493,0.539,0.23,0.222,0.131,0.144,0.173,0.188,4,6,2016-2017,POFF,10
Utah Jazz,0.515,0.533,0.218,0.224,0.119,0.123,0.168,0.187,4,7,2016-2017,POFF,11
Washington Wizards,0.505,0.525,0.223,0.244,0.135,0.146,0.266,0.238,7,6,2016-2017,POFF,13
Atlanta Hawks,0.504,0.507,0.215,0.179,0.156,0.151,0.236,0.239,43,39,2016-2017,REG,82
Brooklyn Nets,0.507,0.513,0.228,0.212,0.158,0.127,0.196,0.239,20,62,2016-2017,REG,82
Boston Celtics,0.525,0.503,0.22,0.223,0.131,0.14,0.212,0.247,53,29,2016-2017,REG,82
Charlotte Hornets,0.501,0.523,0.227,0.164,0.115,0.13,0.199,0.204,36,46,2016-2017,REG,82
Chicago Bulls,0.487,0.507,0.206,0.169,0.136,0.135,0.27,0.232,41,41,2016-2017,REG,82
Cleveland Cavaliers,0.547,0.516,0.206,0.175,0.137,0.124,0.22,0.242,51,31,2016-2017,REG,82
Dallas Mavericks,0.505,0.529,0.18,0.218,0.122,0.158,0.181,0.224,33,49,2016-2017,REG,82
Denver Nuggets,0.53,0.532,0.214,0.194,0.148,0.118,0.273,0.214,40,42,2016-2017,REG,82
Detroit Pistons,0.492,0.516,0.157,0.197,0.12,0.128,0.241,0.188,37,45,2016-2017,REG,82
Golden State Warriors,0.563,0.486,0.204,0.198,0.145,0.149,0.228,0.251,67,15,2016-2017,REG,82
Houston Rockets,0.545,0.519,0.233,0.194,0.145,0.144,0.246,0.242,55,27,2016-2017,REG,82
Indiana Pacers,0.516,0.512,0.212,0.225,0.138,0.149,0.212,0.246,42,40,2016-2017,REG,82
Los Angeles Clippers,0.537,0.506,0.233,0.212,0.13,0.132,0.215,0.231,51,31,2016-2017,REG,82
Los Angeles Lakers,0.501,0.542,0.195,0.213,0.148,0.142,0.25,0.242,26,56,2016-2017,REG,82
Memphis Grizzlies,0.491,0.506,0.219,0.257,0.134,0.147,0.248,0.225,43,39,2016-2017,REG,82
Miami Heat,0.512,0.496,0.177,0.22,0.133,0.137,0.242,0.236,41,41,2016-2017,REG,82
Milwaukee Bucks,0.527,0.518,0.21,0.215,0.142,0.148,0.215,0.246,42,40,2016-2017,REG,82
Minnesota Timberwolves,0.511,0.535,0.229,0.212,0.141,0.145,0.272,0.241,31,51,2016-2017,REG,82
New Orleans Pelicans,0.504,0.509,0.192,0.177,0.126,0.136,0.185,0.233,34,48,2016-2017,REG,82
New York Knicks,0.496,0.511,0.188,0.214,0.137,0.128,0.266,0.259,31,51,2016-2017,REG,82
Oklahoma City Thunder,0.5,0.511,0.22,0.218,0.15,0.135,0.28,0.21,47,35,2016-2017,REG,82
Orlando Magic,0.489,0.523,0.184,0.201,0.133,0.129,0.216,0.226,29,53,2016-2017,REG,82
Philadelphia 76ers,0.501,0.512,0.199,0.234,0.162,0.147,0.224,0.247,28,54,2016-2017,REG,82
Phoenix Suns,0.493,0.525,0.231,0.264,0.149,0.144,0.26,0.237,24,58,2016-2017,REG,82
Portland Trailblazers,0.52,0.508,0.214,0.241,0.135,0.128,0.23,0.232,41,41,2016-2017,REG,82
Sacramento Kings,0.516,0.528,0.22,0.227,0.148,0.14,0.21,0.238,32,50,2016-2017,REG,82
San Antonio Spurs,0.524,0.492,0.21,0.192,0.137,0.147,0.24,0.224,61,21,2016-2017,REG,82
Toronto Raptors,0.517,0.507,0.233,0.223,0.125,0.148,0.25,0.237,51,31,2016-2017,REG,82
Utah Jazz,0.526,0.493,0.215,0.195,0.143,0.127,0.232,0.211,51,31,2016-2017,REG,82
Washington Wizards,0.528,0.524,0.199,0.213,0.138,0.151,0.241,0.245,49,33,2016-2017,REG,82
Atlanta Hawks,0.514,0.54,0.192,0.187,0.155,0.156,0.217,0.245,20,49,2017-2018,REG,69
Brooklyn Nets,0.507,0.518,0.202,0.201,0.146,0.122,0.218,0.227,21,47,2017-2018,REG,68
Boston Celtics,0.52,0.492,0.185,0.199,0.137,0.141,0.212,0.218,46,22,2017-2018,REG,68
Charlotte Hornets,0.506,0.535,0.227,0.174,0.125,0.138,0.219,0.187,30,39,2017-2018,REG,69
Chicago Bulls,0.5,0.537,0.167,0.188,0.132,0.129,0.2,0.192,24,44,2017-2018,REG,68
Cleveland Cavaliers,0.546,0.538,0.213,0.167,0.139,0.132,0.194,0.233,39,29,2017-2018,REG,68
Dallas Mavericks,0.514,0.532,0.173,0.195,0.126,0.144,0.18,0.211,22,46,2017-2018,REG,68
Denver Nuggets,0.536,0.542,0.194,0.174,0.152,0.141,0.257,0.22,38,31,2017-2018,REG,69
Detroit Pistons,0.508,0.529,0.169,0.179,0.137,0.151,0.229,0.218,30,38,2017-2018,REG,68
Golden State Warriors,0.579,0.499,0.204,0.191,0.153,0.131,0.214,0.237,52,16,2017-2018,REG,68
Houston Rockets,0.554,0.524,0.241,0.174,0.138,0.144,0.219,0.196,54,14,2017-2018,REG,68
Indiana Pacers,0.527,0.525,0.177,0.175,0.137,0.153,0.223,0.238,40,29,2017-2018,REG,69
Los Angeles Clippers,0.528,0.513,0.225,0.208,0.144,0.142,0.229,0.238,37,30,2017-2018,REG,67
Los Angeles Lakers,0.518,0.517,0.182,0.194,0.153,0.141,0.24,0.224,31,37,2017-2018,REG,68
Memphis Grizzlies,0.497,0.523,0.207,0.262,0.153,0.15,0.221,0.231,18,50,2017-2018,REG,68
Miami Heat,0.52,0.51,0.175,0.216,0.145,0.142,0.218,0.207,36,33,2017-2018,REG,69
Milwaukee Bucks,0.531,0.526,0.226,0.221,0.139,0.152,0.203,0.234,36,32,2017-2018,REG,68
Minnesota Timberwolves,0.526,0.541,0.226,0.187,0.123,0.154,0.246,0.239,40,29,2017-2018,REG,69
New Orleans Pelicans,0.542,0.516,0.188,0.182,0.142,0.134,0.198,0.233,39,29,2017-2018,REG,68
New York Knicks,0.509,0.525,0.179,0.205,0.15,0.136,0.244,0.232,24,45,2017-2018,REG,69
Oklahoma City Thunder,0.514,0.523,0.188,0.191,0.141,0.157,0.276,0.225,41,29,2017-2018,REG,70
Orlando Magic,0.521,0.529,0.187,0.189,0.146,0.138,0.201,0.248,21,48,2017-2018,REG,69
Philadelphia 76ers,0.53,0.496,0.207,0.223,0.167,0.138,0.256,0.22,37,30,2017-2018,REG,67
Phoenix Suns,0.493,0.533,0.208,0.22,0.151,0.131,0.229,0.235,19,51,2017-2018,REG,70
Portland Trailblazers,0.513,0.503,0.198,0.192,0.138,0.13,0.23,0.209,42,26,2017-2018,REG,68
Sacramento Kings,0.505,0.549,0.146,0.196,0.14,0.148,0.216,0.233,22,47,2017-2018,REG,69
San Antonio Spurs,0.508,0.505,0.186,0.166,0.137,0.143,0.231,0.214,39,30,2017-2018,REG,69
Toronto Raptors,0.537,0.498,0.207,0.215,0.13,0.148,0.234,0.229,51,17,2017-2018,REG,68
Utah Jazz,0.524,0.509,0.2,0.194,0.148,0.154,0.211,0.201,39,30,2017-2018,REG,69
Washington Wizards,0.526,0.52,0.202,0.214,0.143,0.149,0.236,0.232,39,30,2017-2018,REG,69
,,,,,,,,,,,,,